--
-- Dumping data for table `time_use`
--

INSERT INTO `timeuse` (`timeuse_id`, `category`) VALUES
(0, 'other'),
(1, 'contracted_time'),
(2, 'committed_time'),
(3, 'necessary_time'),
(4, 'free_time');


--
-- Dumping data for table `cause_dict`
--

INSERT INTO `cause_dict` (`cause_id`, `timeuse_id`, `name`) VALUES
(0, 0, 'usr_suggestion'),
(1, 2, 'confrontation'),
(2, 4, 'drink'),
(3, 4, 'film'),
(4, 4, 'food'),
(5, 4, 'friends'),
(6, 2, 'household'),
(7, 4, 'internet'),
(8, 4, 'live_event'),
(9, 3, 'necessity'),
(10, 4, 'reading'),
(11, 2, 'sideproject'),
(12, 4, 'solo_leisure'),
(13, 4, 'sports'),
(14, 4, 'tv'),
(15, 4, 'videogame'),
(16, 1, 'work');

-- --------------------------------------------------------

--
-- Dumping data for table `dr_category`
--

INSERT INTO `dr_category` (`id`, `name`) VALUES
(1, 'abandonment_or_betrayal'),
(2, 'adventure_or_wish_fulfilment'),
(3, 'animal'),
(4, 'bodily'),
(5, 'chasing_or_pursuit'),
(6, 'confrontation_or_fight'),
(7, 'your_deceased_or_ghosts'),
(8, 'disaster'),
(9, 'dreaming_about_dreaming'),
(10, 'dying'),
(11, 'exposed_caught_unaware_or_failure'),
(12, 'falling'),
(13, 'family'),
(14, 'flying_or_swimming'),
(15, 'household'),
(16, 'losing_control_forgetting_or_disintegration'),
(17, 'lover_relationship'),
(18, 'problem_solving_or_accomplishment'),
(19, 'religion_or_spiritual'),
(20, 'sex_or_desire'),
(21, 'sports_play_competing'),
(22, 'terrifying_or_phobia'),
(23, 'transformation'),
(24, 'trapped_or_paralyzed'),
(25, 'violence'),
(100, 'usr_suggestion');

-- --------------------------------------------------------


--
-- Dumping data for table `mmbr`
--

INSERT INTO `mmbr` (`usrid`, `name`, `email`, `ualias`, `password`) VALUES
(0, '', '', '---', ''),
(1, 'test', 'test', 'test', 'test'),
(3, 'owen', 'test@data.non', 'owen', 'test'),
(4, 'emma', 'test@data.non', 'emma', 'test'),
(5, 'pete_o_connor', 'test@data.non', 'pete_o_connor', 'test'),
(6, 'andrea_brocklebank', 'test@data.non', 'andrea_brocklebank', 'test'),
(7, 'john', 'test@data.non', 'john', 'test'),
(8, 'jennifer', 'test@data.non', 'jennifer', 'test'),
(9, 'graham', 'test@data.non', 'graham', 'test'),
(10, 'katie', 'test@data.non', 'katie', 'test'),
(11, 'sam_hart', 'test@data.non', 'sam_hart', 'test'),
(12, 'elaine_buckley', 'test@data.non', 'elaine_buckley', 'test'),
(13, 'aidan_cuffe', 'test@data.non', 'aidan_cuffe', 'test'),
(14, 'denisa_kera', 'test@data.non', 'denisa_kera', 'test'),
(15, 'andrew', 'test@data.non', 'andrew', 'test'),
(16, 'renee_carmichael', 'test@data.non', 'renee_carmichael', 'test'),
(17, 'maurice_omara', 'test@data.non', 'maurice_omara', 'test'),
(18, 'mihaela_brebenel', 'test@data.non', 'mihaela_brebenel', 'test'),
(19, 'nathan', 'test@data.non', 'nathan', 'test'),
(20, 'rebecca', 'test@data.non', 'rebecca', 'test'),
(21, 'jack', 'test@data.non', 'jack', 'test'),
(22, 'alexis', 'test@data.non', 'alexis', 'test'),
(23, 'joe_colgan', 'test@data.non', 'joe_colgan', 'test'),
(24, 'phyllis', 'test@data.non', 'phyllis', 'test'),
(25, 'william', 'test@data.non', 'william', 'test'),
(26, 'heidi', 'test@data.non', 'heidi', 'test'),
(27, 'colm', 'test@data.non', 'colm', 'test'),
(28, 'jay', 'test@data.non', 'jay', 'test'),
(29, 'stephen_bradley', 'test@data.non', 'stephen_bradley', 'test'),
(30, 'ash_crescenzi', 'test@data.non', 'ash_crescenzi', 'test'),
(31, 'robin_lochmann', 'test@data.non', 'robin_lochmann', 'test'),
(32, 'lisa_baldini', 'test@data.non', 'lisa_baldini', 'test'),
(33, 'daniel_rehn', 'test@data.non', 'daniel_rehn', 'test'),
(34, 'niamh_o_connor', 'test@data.non', 'niamh_o_connor', 'test'),
(35, 'dave_kissane', 'test@data.non', 'dave_kissane', 'test'),
(36, 'sarah', 'test@data.non', 'sarah', 'test'),
(37, 'mark', 'test@data.non', 'mark', 'test'),
(38, 'gemma', 'test@data.non', 'gemma', 'test'),
(39, 'ronan_fahey', 'test@data.non', 'ronan_fahey', 'test'),
(40, 'louise_markham', 'test@data.non', 'louise_markham', 'test'),
(41, 'aaron_hurley', 'test@data.non', 'aaron_hurley', 'test'),
(42, 'zoe', 'test@data.non', 'zoe', 'test'),
(43, 'shaun_darcy', 'test@data.non', 'shaun_darcy', 'test'),
(44, 'lauren_lapidge', 'test@data.non', 'lauren_lapidge', 'test'),
(45, 'matthew', 'test@data.non', 'matthew', 'test'),
(46, 'veronica_so', 'test@data.non', 'veronica_so', 'test'),
(47, 'hugh_casey', 'test@data.non', 'hugh_casey', 'test'),
(48, 'lindsay_howard', 'test@data.non', 'lindsay_howard', 'test'),
(49, 'drew', 'test@data.non', 'drew', 'test'),
(50, 'alexandra', 'test@data.non', 'alexandra', 'test'),
(51, 'edward_saperia', 'test@data.non', 'edward_saperia', 'test'),
(52, 'aoife', 'test@data.non', 'aoife', 'test');
-- ---------------------------------------------------


--
-- Dumping data for table `mcountry`
--

INSERT INTO `mcountry` (`state_id`, `name`) VALUES
(1, 'albania'),
(2, 'andorra'),
(3, 'austria'),
(4, 'belarus'),
(5, 'belgium'),
(6, 'bosnia_and_herzegovina'),
(7, 'bulgaria'),
(8, 'croatia'),
(9, 'czech_republic'),
(10, 'denmark'),
(11, 'estonia'),
(12, 'faroe islands'),
(13, 'finland'),
(14, 'france'),
(15, 'germany'),
(16, 'gibraltar'),
(17, 'greece'),
(18, 'hungary'),
(19, 'iceland'),
(20, 'ireland'),
(21, 'italy'),
(22, 'kosovo'),
(23, 'latvia'),
(24, 'liechtenstein'),
(25, 'lithuania'),
(26, 'luxembourg'),
(27, 'macedonia'),
(28, 'malta'),
(29, 'moldova'),
(30, 'monaco'),
(31, 'montenegro'),
(32, 'netherlands'),
(33, 'norway'),
(34, 'poland'),
(35, 'portugal'),
(36, 'romania'),
(37, 'russia'),
(38, 'san_marino'),
(39, 'serbia'),
(40, 'slovakia'),
(41, 'slovenia'),
(42, 'spain'),
(43, 'sweden'),
(44, 'switzerland'),
(45, 'ukraine'),
(46, 'united_kingdom'),
(47, 'vatican_city');

-- --------------------------------------------------------


--
-- Dumping data for table `mcity`
--

INSERT INTO `mcity` (`city_id`, `state_id`, `name`) VALUES
(1, 1, 'tirana'),
(2, 2, 'andorra_la_vella'),
(3, 3, 'vienna'),
(4, 3, 'graz'),
(5, 3, 'linz'),
(6, 3, 'salzburg'),
(7, 3, 'innsbruck'),
(8, 4, 'minsk'),
(9, 4, 'barysaw'),
(10, 4, 'salihorsk'),
(11, 4, 'maladzyechna'),
(12, 4, 'zhodzina'),
(13, 5, 'antwerp'),
(14, 5, 'brussels'),
(15, 5, 'charleroi'),
(16, 5, 'ghent'),
(17, 5, 'liège'),
(18, 6, 'sarajevo'),
(19, 7, 'burgas'),
(20, 7, 'plovdiv'),
(21, 7, 'ruse'),
(22, 7, 'sofia'),
(23, 7, 'varna'),
(24, 8, 'zagreb'),
(25, 9, 'prague'),
(26, 10, 'copenhagen'),
(27, 11, 'tallinn'),
(28, 12, 'tórshavn'),
(29, 13, 'helsinki'),
(30, 14, 'paris'),
(31, 15, 'berlin'),
(32, 16, 'gibralter'),
(33, 17, 'athens'),
(34, 18, 'budapest'),
(35, 19, 'reykjavík'),
(36, 20, 'antrim'),
(37, 20, 'armagh'),
(38, 20, 'carlow'),
(39, 20, 'cavan'),
(40, 20, 'clare'),
(41, 20, 'cork'),
(42, 20, 'derry'),
(43, 20, 'donegal'),
(44, 20, 'down'),
(45, 20, 'dublin'),
(46, 20, 'fermanagh'),
(47, 20, 'galway'),
(48, 20, 'kerry'),
(49, 20, 'kildare'),
(50, 20, 'kilkenny'),
(51, 20, 'laois'),
(52, 20, 'leitrim'),
(53, 20, 'limerick'),
(54, 20, 'longford'),
(55, 20, 'louth'),
(56, 20, 'mayo'),
(57, 20, 'meath'),
(58, 20, 'monaghan'),
(59, 20, 'offaly'),
(60, 20, 'roscommon'),
(61, 20, 'sligo'),
(62, 20, 'tipperary'),
(63, 20, 'tyrone'),
(64, 20, 'waterford'),
(65, 20, 'westmeath'),
(66, 20, 'wexford'),
(67, 20, 'wicklow'),
(68, 21, 'rome'),
(69, 22, 'pristina'),
(70, 23, 'riga'),
(71, 24, 'vaduz'),
(72, 25, 'vilnius'),
(73, 26, 'luxembourg'),
(74, 27, 'skopje'),
(75, 28, 'valletta'),
(76, 29, 'chi?in?u'),
(77, 30, 'monaco'),
(78, 31, 'podgorica'),
(79, 32, 'amsterdam'),
(80, 33, 'oslo'),
(81, 33, 'svalbard'),
(82, 34, 'warsaw'),
(83, 35, 'lisbon'),
(84, 36, 'bucharest'),
(85, 37, 'moscow'),
(86, 38, 'san_marino'),
(87, 39, 'belgrade'),
(88, 40, 'bratislava'),
(89, 41, 'ljubljana'),
(90, 42, 'madrid'),
(91, 43, 'stockholm'),
(92, 44, 'bern'),
(93, 45, 'kiev'),
(94, 46, 'cardiff'),
(95, 46, 'douglas-isle_of_man'),
(96, 46, 'edinburgh'),
(97, 46, 'leeds'),
(98, 46, 'liverpool'),
(99, 46, 'london'),
(100, 46, 'manchester'),
(101, 46, 'newcastle'),
(102, 46, 'saint_helier-jersey'),
(103, 46, 'saint_peter_port-guernsey'),
(104, 47, 'vatican_city');

-- --------------------------------------------------------



--
-- Dumping data for table `mjob`
--

INSERT INTO `mjob` (`job_id`, `name`) VALUES
(1, 'art_music_writing'),
(2, 'banking_finance'),
(3, 'administration'),
(4, 'software_development'),
(5, 'construction'),
(6, 'education'),
(7, 'entertainment_media'),
(8, 'management'),
(9, 'hospitality'),
(10, 'law'),
(11, 'medicine'),
(12, 'military'),
(13, 'politics_government'),
(14, 'sales_marketing'),
(15, 'science_engineering'),
(16, 'transporation'),
(17, 'retired'),
(18, 'unemployed'),
(19, 'freelance');

-- --------------------------------------------------------

--
-- Dumping data for table `mmarital`
--

INSERT INTO `mmarital` (`m_id`, `name`) VALUES
(1, 'SINGLE'),
(2, 'MARRIED'),
(3, 'MONOGAMOUS'),
(4, 'POLYAMOROUS'),
(5, 'DIVORCED'),
(6, 'WIDOWED');

-- ---------------------------------------------------

--
-- Dumping data for table `mmbr_profile`
--

INSERT INTO `mmbr_profile` (`usrid`, `dob`, `gender`, `marital`, `job`, `learning`, `country`, `city`, `passion`) VALUES
(1, '2014-01-01', 'M', 1, 1, '0', 20, '45', NULL),
(3, '1996-08-25', 'M', 1, 5, '0', 20, 45, NULL),
(4, '1960-07-18', 'F', 6, 6, '0', 20, 45, NULL),
(5, '1987-09-10', 'M', 5, 4, '1', 20, 45, NULL),
(6, '1996-04-07', 'F', 5, 4, '1', 20, 45, NULL),
(7, '1962-08-14', 'M', 2, 18, '0', 20, 45, NULL),
(8, '1992-12-09', 'F', 1, 4, '1', 20, 45, NULL),
(9, '1948-04-01', 'M', 3, 6, '0', 20, 45, NULL),
(10, '1939-04-05', 'F', 6, 6, '1', 20, 45, NULL),
(11, '1964-11-07', 'M', 2, 4, '1', 20, 45, NULL),
(12, '1990-09-20', 'F', 5, 4, '0', 20, 45, NULL),
(13, '1940-07-12', 'M', 6, 18, '0', 20, 45, NULL),
(14, '1956-07-21', 'F', 1, 18, '0', 20, 45, NULL),
(15, '1991-07-27', 'M', 3, 6, '0', 20, 45, NULL),
(16, '1992-06-11', 'F', 1, 6, '1', 20, 45, NULL),
(17, '1990-06-17', 'M', 3, 18, '0', 20, 45, NULL),
(18, '1982-09-23', 'F', 6, 4, '0', 20, 45, NULL),
(19, '1986-08-08', 'M', 6, 18, '0', 20, 45, NULL),
(20, '1959-08-21', 'F', 2, 4, '0', 20, 45, NULL),
(21, '1984-11-28', 'M', 3, 18, '0', 20, 45, NULL),
(22, '1992-01-01', 'F', 5, 4, '1', 20, 45, NULL),
(23, '1939-06-17', 'M', 1, 18, '1', 20, 45, NULL),
(24, '1994-08-21', 'F', 1, 4, '0', 20, 45, NULL),
(25, '1962-06-10', 'M', 4, 12, '0', 20, 45, NULL),
(26, '1959-05-01', 'F', 6, 16, '0', 20, 45, NULL),
(27, '1968-11-27', 'M', 6, 15, '0', 20, 45, NULL),
(28, '1961-12-04', 'F', 3, 11, '0', 20, 45, NULL),
(29, '1996-10-04', 'M', 6, 17, '0', 20, 45, NULL),
(30, '1959-08-23', 'F', 6, 14, '1', 20, 45, NULL),
(31, '1981-11-16', 'M', 1, 12, '1', 20, 45, NULL),
(32, '1983-09-04', 'F', 3, 6, '1', 20, 45, NULL),
(33, '1994-04-21', 'M', 2, 19, '0', 20, 45, NULL),
(34, '1995-07-13', 'F', 1, 17, '1', 20, 45, NULL),
(35, '1965-04-22', 'M', 2, 13, '1', 20, 45, NULL),
(36, '1965-12-03', 'F', 1, 9, '0', 20, 45, NULL),
(37, '1963-11-20', 'M', 6, 6, '0', 20, 45, NULL),
(38, '1948-11-08', 'F', 4, 6, '1', 20, 45, NULL),
(39, '1965-11-11', 'M', 2, 18, '1', 20, 45, NULL),
(40, '1992-02-20', 'F', 2, 4, '1', 20, 45, NULL),
(41, '1957-03-13', 'M', 3, 6, '1', 20, 45, NULL),
(42, '1990-10-17', 'F', 3, 4, '1', 20, 45, NULL),
(43, '1969-11-11', 'M', 6, 18, '1', 20, 45, NULL),
(44, '1991-09-24', 'F', 2, 6, '0', 20, 45, NULL),
(45, '1990-04-10', 'M', 4, 18, '1', 20, 45, NULL),
(46, '1989-05-10', 'F', 2, 18, '1', 20, 45, NULL),
(47, '1962-03-07', 'M', 3, 6, '0', 20, 45, NULL),
(48, '1943-10-26', 'F', 6, 6, '1', 20, 45, NULL),
(49, '1970-02-04', 'M', 2, 6, '1', 20, 45, NULL),
(50, '1980-11-14', 'F', 2, 18, '0', 20, 45, NULL),
(51, '1993-06-18', 'M', 1, 4, '0', 20, 45, NULL),
(52, '1940-01-04', 'F', 5, 6, '1', 20, 45, NULL);

-- --------------------------------------------------------


--
-- Dumping data for table `dream`
--

INSERT INTO `dream` (`d_id`, `usrid`, `d_date`, `category`, `comments`, `numppl`, `numobj`, `numplace`, `numeact`) VALUES
(0, 0, '2014-04-05', 100, NULL, NULL, NULL, NULL, NULL),
(2, 1, '2014-02-19', 100, NULL, NULL, NULL, NULL, NULL),
(22, 3, '2014-03-01', 17, NULL, NULL, NULL, NULL, NULL),
(23, 3, '2014-03-02', 6, NULL, NULL, NULL, NULL, NULL),
(24, 3, '2014-03-03', 14, NULL, NULL, NULL, NULL, NULL),
(25, 3, '2014-03-04', 17, NULL, NULL, NULL, NULL, NULL),
(26, 3, '2014-03-05', 15, NULL, NULL, NULL, NULL, NULL),
(27, 3, '2014-03-06', 20, NULL, NULL, NULL, NULL, NULL),
(28, 3, '2014-03-07', 23, NULL, NULL, NULL, NULL, NULL),
(29, 3, '2014-03-08', 17, NULL, NULL, NULL, NULL, NULL),
(30, 3, '2014-03-09', 13, NULL, NULL, NULL, NULL, NULL),
(31, 3, '2014-03-10', 100, NULL, NULL, NULL, NULL, NULL),
(32, 3, '2014-03-11', 3, NULL, NULL, NULL, NULL, NULL),
(33, 3, '2014-03-12', 18, NULL, NULL, NULL, NULL, NULL),
(34, 3, '2014-03-13', 100, NULL, NULL, NULL, NULL, NULL),
(35, 3, '2014-03-14', 2, NULL, NULL, NULL, NULL, NULL),
(36, 3, '2014-03-15', 1, NULL, NULL, NULL, NULL, NULL),
(37, 3, '2014-03-16', 15, NULL, NULL, NULL, NULL, NULL),
(38, 3, '2014-03-17', 100, NULL, NULL, NULL, NULL, NULL),
(39, 3, '2014-03-18', 25, NULL, NULL, NULL, NULL, NULL),
(40, 3, '2014-03-19', 17, NULL, NULL, NULL, NULL, NULL),
(41, 3, '2014-03-20', 6, NULL, NULL, NULL, NULL, NULL),
(42, 3, '2014-03-21', 100, NULL, NULL, NULL, NULL, NULL),
(43, 3, '2014-03-22', 6, NULL, NULL, NULL, NULL, NULL),
(44, 3, '2014-03-23', 100, NULL, NULL, NULL, NULL, NULL),
(45, 3, '2014-03-24', 17, NULL, NULL, NULL, NULL, NULL),
(46, 3, '2014-03-25', 7, NULL, NULL, NULL, NULL, NULL),
(47, 3, '2014-03-26', 2, NULL, NULL, NULL, NULL, NULL),
(48, 3, '2014-03-27', 3, NULL, NULL, NULL, NULL, NULL),
(49, 3, '2014-03-28', 4, NULL, NULL, NULL, NULL, NULL),
(50, 3, '2014-03-29', 3, NULL, NULL, NULL, NULL, NULL),
(51, 3, '2014-03-30', 1, NULL, NULL, NULL, NULL, NULL),
(52, 4, '2014-03-01', 13, NULL, NULL, NULL, NULL, NULL),
(53, 4, '2014-03-02', 20, NULL, NULL, NULL, NULL, NULL),
(54, 4, '2014-03-03', 17, NULL, NULL, NULL, NULL, NULL),
(55, 4, '2014-03-04', 14, NULL, NULL, NULL, NULL, NULL),
(56, 4, '2014-03-05', 11, NULL, NULL, NULL, NULL, NULL),
(57, 4, '2014-03-06', 6, NULL, NULL, NULL, NULL, NULL),
(58, 4, '2014-03-07', 100, NULL, NULL, NULL, NULL, NULL),
(59, 4, '2014-03-08', 4, NULL, NULL, NULL, NULL, NULL),
(60, 4, '2014-03-09', 22, NULL, NULL, NULL, NULL, NULL),
(61, 4, '2014-03-10', 25, NULL, NULL, NULL, NULL, NULL),
(62, 4, '2014-03-11', 8, NULL, NULL, NULL, NULL, NULL),
(63, 4, '2014-03-12', 10, NULL, NULL, NULL, NULL, NULL),
(64, 4, '2014-03-13', 3, NULL, NULL, NULL, NULL, NULL),
(65, 4, '2014-03-14', 16, NULL, NULL, NULL, NULL, NULL),
(66, 4, '2014-03-15', 13, NULL, NULL, NULL, NULL, NULL),
(67, 4, '2014-03-16', 17, NULL, NULL, NULL, NULL, NULL),
(68, 4, '2014-03-17', 15, NULL, NULL, NULL, NULL, NULL),
(69, 4, '2014-03-18', 15, NULL, NULL, NULL, NULL, NULL),
(70, 4, '2014-03-19', 6, NULL, NULL, NULL, NULL, NULL),
(71, 4, '2014-03-20', 4, NULL, NULL, NULL, NULL, NULL),
(72, 4, '2014-03-21', 11, NULL, NULL, NULL, NULL, NULL),
(73, 4, '2014-03-22', 17, NULL, NULL, NULL, NULL, NULL),
(74, 4, '2014-03-23', 25, NULL, NULL, NULL, NULL, NULL),
(75, 4, '2014-03-24', 4, NULL, NULL, NULL, NULL, NULL),
(76, 4, '2014-03-25', 3, NULL, NULL, NULL, NULL, NULL),
(77, 4, '2014-03-26', 1, NULL, NULL, NULL, NULL, NULL),
(78, 4, '2014-03-27', 5, NULL, NULL, NULL, NULL, NULL),
(79, 4, '2014-03-28', 17, NULL, NULL, NULL, NULL, NULL),
(80, 4, '2014-03-29', 10, NULL, NULL, NULL, NULL, NULL),
(81, 4, '2014-03-30', 10, NULL, NULL, NULL, NULL, NULL),
(82, 5, '2014-03-01', 22, NULL, NULL, NULL, NULL, NULL),
(83, 5, '2014-03-02', 100, NULL, NULL, NULL, NULL, NULL),
(84, 5, '2014-03-03', 10, NULL, NULL, NULL, NULL, NULL),
(85, 5, '2014-03-04', 4, NULL, NULL, NULL, NULL, NULL),
(86, 5, '2014-03-05', 17, NULL, NULL, NULL, NULL, NULL),
(87, 5, '2014-03-06', 20, NULL, NULL, NULL, NULL, NULL),
(88, 5, '2014-03-07', 7, NULL, NULL, NULL, NULL, NULL),
(89, 5, '2014-03-08', 20, NULL, NULL, NULL, NULL, NULL),
(90, 5, '2014-03-09', 17, NULL, NULL, NULL, NULL, NULL),
(91, 5, '2014-03-10', 25, NULL, NULL, NULL, NULL, NULL),
(92, 5, '2014-03-11', 100, NULL, NULL, NULL, NULL, NULL),
(93, 5, '2014-03-12', 13, NULL, NULL, NULL, NULL, NULL),
(94, 5, '2014-03-13', 14, NULL, NULL, NULL, NULL, NULL),
(95, 5, '2014-03-14', 2, NULL, NULL, NULL, NULL, NULL),
(96, 5, '2014-03-15', 17, NULL, NULL, NULL, NULL, NULL),
(97, 5, '2014-03-16', 17, NULL, NULL, NULL, NULL, NULL),
(98, 5, '2014-03-17', 2, NULL, NULL, NULL, NULL, NULL),
(99, 5, '2014-03-18', 16, NULL, NULL, NULL, NULL, NULL),
(100, 5, '2014-03-19', 100, NULL, NULL, NULL, NULL, NULL),
(101, 5, '2014-03-20', 24, NULL, NULL, NULL, NULL, NULL),
(102, 5, '2014-03-21', 16, NULL, NULL, NULL, NULL, NULL),
(103, 5, '2014-03-22', 18, NULL, NULL, NULL, NULL, NULL),
(104, 5, '2014-03-23', 4, NULL, NULL, NULL, NULL, NULL),
(105, 5, '2014-03-24', 14, NULL, NULL, NULL, NULL, NULL),
(106, 5, '2014-03-25', 100, NULL, NULL, NULL, NULL, NULL),
(107, 5, '2014-03-26', 3, NULL, NULL, NULL, NULL, NULL),
(108, 5, '2014-03-27', 25, NULL, NULL, NULL, NULL, NULL),
(109, 5, '2014-03-28', 4, NULL, NULL, NULL, NULL, NULL),
(110, 5, '2014-03-29', 16, NULL, NULL, NULL, NULL, NULL),
(111, 5, '2014-03-30', 2, NULL, NULL, NULL, NULL, NULL),
(112, 6, '2014-03-01', 1, NULL, NULL, NULL, NULL, NULL),
(113, 6, '2014-03-02', 17, NULL, NULL, NULL, NULL, NULL),
(114, 6, '2014-03-03', 25, NULL, NULL, NULL, NULL, NULL),
(115, 6, '2014-03-04', 13, NULL, NULL, NULL, NULL, NULL),
(116, 6, '2014-03-05', 16, NULL, NULL, NULL, NULL, NULL),
(117, 6, '2014-03-06', 3, NULL, NULL, NULL, NULL, NULL),
(118, 6, '2014-03-07', 3, NULL, NULL, NULL, NULL, NULL),
(119, 6, '2014-03-08', 22, NULL, NULL, NULL, NULL, NULL),
(120, 6, '2014-03-09', 2, NULL, NULL, NULL, NULL, NULL),
(121, 6, '2014-03-10', 2, NULL, NULL, NULL, NULL, NULL),
(122, 6, '2014-03-11', 17, NULL, NULL, NULL, NULL, NULL),
(123, 6, '2014-03-12', 8, NULL, NULL, NULL, NULL, NULL),
(124, 6, '2014-03-13', 20, NULL, NULL, NULL, NULL, NULL),
(125, 6, '2014-03-14', 15, NULL, NULL, NULL, NULL, NULL),
(126, 6, '2014-03-15', 20, NULL, NULL, NULL, NULL, NULL),
(127, 6, '2014-03-16', 10, NULL, NULL, NULL, NULL, NULL),
(128, 6, '2014-03-17', 22, NULL, NULL, NULL, NULL, NULL),
(129, 6, '2014-03-18', 100, NULL, NULL, NULL, NULL, NULL),
(130, 6, '2014-03-19', 22, NULL, NULL, NULL, NULL, NULL),
(131, 6, '2014-03-20', 7, NULL, NULL, NULL, NULL, NULL),
(132, 6, '2014-03-21', 7, NULL, NULL, NULL, NULL, NULL),
(133, 6, '2014-03-22', 17, NULL, NULL, NULL, NULL, NULL),
(134, 6, '2014-03-23', 7, NULL, NULL, NULL, NULL, NULL),
(135, 6, '2014-03-24', 17, NULL, NULL, NULL, NULL, NULL),
(136, 6, '2014-03-25', 100, NULL, NULL, NULL, NULL, NULL),
(137, 6, '2014-03-26', 10, NULL, NULL, NULL, NULL, NULL),
(138, 6, '2014-03-27', 22, NULL, NULL, NULL, NULL, NULL),
(139, 6, '2014-03-28', 4, NULL, NULL, NULL, NULL, NULL),
(140, 6, '2014-03-29', 17, NULL, NULL, NULL, NULL, NULL),
(141, 6, '2014-03-30', 2, NULL, NULL, NULL, NULL, NULL),
(142, 7, '2014-03-01', 10, NULL, NULL, NULL, NULL, NULL),
(143, 7, '2014-03-02', 4, NULL, NULL, NULL, NULL, NULL),
(144, 7, '2014-03-03', 17, NULL, NULL, NULL, NULL, NULL),
(145, 7, '2014-03-04', 10, NULL, NULL, NULL, NULL, NULL),
(146, 7, '2014-03-05', 7, NULL, NULL, NULL, NULL, NULL),
(147, 7, '2014-03-06', 5, NULL, NULL, NULL, NULL, NULL),
(148, 7, '2014-03-07', 17, NULL, NULL, NULL, NULL, NULL),
(149, 7, '2014-03-08', 24, NULL, NULL, NULL, NULL, NULL),
(150, 7, '2014-03-09', 3, NULL, NULL, NULL, NULL, NULL),
(151, 7, '2014-03-10', 9, NULL, NULL, NULL, NULL, NULL),
(152, 7, '2014-03-11', 4, NULL, NULL, NULL, NULL, NULL),
(153, 7, '2014-03-12', 14, NULL, NULL, NULL, NULL, NULL),
(154, 7, '2014-03-13', 20, NULL, NULL, NULL, NULL, NULL),
(155, 7, '2014-03-14', 17, NULL, NULL, NULL, NULL, NULL),
(156, 7, '2014-03-15', 5, NULL, NULL, NULL, NULL, NULL),
(157, 7, '2014-03-16', 25, NULL, NULL, NULL, NULL, NULL),
(158, 7, '2014-03-17', 5, NULL, NULL, NULL, NULL, NULL),
(159, 7, '2014-03-18', 17, NULL, NULL, NULL, NULL, NULL),
(160, 7, '2014-03-19', 2, NULL, NULL, NULL, NULL, NULL),
(161, 7, '2014-03-20', 1, NULL, NULL, NULL, NULL, NULL),
(162, 7, '2014-03-21', 20, NULL, NULL, NULL, NULL, NULL),
(163, 7, '2014-03-22', 2, NULL, NULL, NULL, NULL, NULL),
(164, 7, '2014-03-23', 17, NULL, NULL, NULL, NULL, NULL),
(165, 7, '2014-03-24', 100, NULL, NULL, NULL, NULL, NULL),
(166, 7, '2014-03-25', 20, NULL, NULL, NULL, NULL, NULL),
(167, 7, '2014-03-26', 15, NULL, NULL, NULL, NULL, NULL),
(168, 7, '2014-03-27', 2, NULL, NULL, NULL, NULL, NULL),
(169, 7, '2014-03-28', 17, NULL, NULL, NULL, NULL, NULL),
(170, 7, '2014-03-29', 17, NULL, NULL, NULL, NULL, NULL),
(171, 7, '2014-03-30', 7, NULL, NULL, NULL, NULL, NULL),
(172, 8, '2014-03-01', 23, NULL, NULL, NULL, NULL, NULL),
(173, 8, '2014-03-02', 3, NULL, NULL, NULL, NULL, NULL),
(174, 8, '2014-03-03', 13, NULL, NULL, NULL, NULL, NULL),
(175, 8, '2014-03-04', 100, NULL, NULL, NULL, NULL, NULL),
(176, 8, '2014-03-05', 17, NULL, NULL, NULL, NULL, NULL),
(177, 8, '2014-03-06', 2, NULL, NULL, NULL, NULL, NULL),
(178, 8, '2014-03-07', 6, NULL, NULL, NULL, NULL, NULL),
(179, 8, '2014-03-08', 4, NULL, NULL, NULL, NULL, NULL),
(180, 8, '2014-03-09', 3, NULL, NULL, NULL, NULL, NULL),
(181, 8, '2014-03-10', 20, NULL, NULL, NULL, NULL, NULL),
(182, 8, '2014-03-11', 7, NULL, NULL, NULL, NULL, NULL),
(183, 8, '2014-03-12', 6, NULL, NULL, NULL, NULL, NULL),
(184, 8, '2014-03-13', 20, NULL, NULL, NULL, NULL, NULL),
(185, 8, '2014-03-14', 5, NULL, NULL, NULL, NULL, NULL),
(186, 8, '2014-03-15', 13, NULL, NULL, NULL, NULL, NULL),
(187, 8, '2014-03-16', 24, NULL, NULL, NULL, NULL, NULL),
(188, 8, '2014-03-17', 100, NULL, NULL, NULL, NULL, NULL),
(189, 8, '2014-03-18', 24, NULL, NULL, NULL, NULL, NULL),
(190, 8, '2014-03-19', 17, NULL, NULL, NULL, NULL, NULL),
(191, 8, '2014-03-20', 2, NULL, NULL, NULL, NULL, NULL),
(192, 8, '2014-03-21', 13, NULL, NULL, NULL, NULL, NULL),
(193, 8, '2014-03-22', 10, NULL, NULL, NULL, NULL, NULL),
(194, 8, '2014-03-23', 17, NULL, NULL, NULL, NULL, NULL),
(195, 8, '2014-03-24', 17, NULL, NULL, NULL, NULL, NULL),
(196, 8, '2014-03-25', 17, NULL, NULL, NULL, NULL, NULL),
(197, 8, '2014-03-26', 17, NULL, NULL, NULL, NULL, NULL),
(198, 8, '2014-03-27', 13, NULL, NULL, NULL, NULL, NULL),
(199, 8, '2014-03-28', 21, NULL, NULL, NULL, NULL, NULL),
(200, 8, '2014-03-29', 5, NULL, NULL, NULL, NULL, NULL),
(201, 8, '2014-03-30', 100, NULL, NULL, NULL, NULL, NULL),
(202, 9, '2014-03-01', 8, NULL, NULL, NULL, NULL, NULL),
(203, 9, '2014-03-02', 12, NULL, NULL, NULL, NULL, NULL),
(204, 9, '2014-03-03', 3, NULL, NULL, NULL, NULL, NULL),
(205, 9, '2014-03-04', 3, NULL, NULL, NULL, NULL, NULL),
(206, 9, '2014-03-05', 16, NULL, NULL, NULL, NULL, NULL),
(207, 9, '2014-03-06', 13, NULL, NULL, NULL, NULL, NULL),
(208, 9, '2014-03-07', 20, NULL, NULL, NULL, NULL, NULL),
(209, 9, '2014-03-08', 17, NULL, NULL, NULL, NULL, NULL),
(210, 9, '2014-03-09', 17, NULL, NULL, NULL, NULL, NULL),
(211, 9, '2014-03-10', 17, NULL, NULL, NULL, NULL, NULL),
(212, 9, '2014-03-11', 4, NULL, NULL, NULL, NULL, NULL),
(213, 9, '2014-03-12', 2, NULL, NULL, NULL, NULL, NULL),
(214, 9, '2014-03-13', 100, NULL, NULL, NULL, NULL, NULL),
(215, 9, '2014-03-14', 12, NULL, NULL, NULL, NULL, NULL),
(216, 9, '2014-03-15', 17, NULL, NULL, NULL, NULL, NULL),
(217, 9, '2014-03-16', 15, NULL, NULL, NULL, NULL, NULL),
(218, 9, '2014-03-17', 13, NULL, NULL, NULL, NULL, NULL),
(219, 9, '2014-03-18', 4, NULL, NULL, NULL, NULL, NULL),
(220, 9, '2014-03-19', 7, NULL, NULL, NULL, NULL, NULL),
(221, 9, '2014-03-20', 4, NULL, NULL, NULL, NULL, NULL),
(222, 9, '2014-03-21', 17, NULL, NULL, NULL, NULL, NULL),
(223, 9, '2014-03-22', 24, NULL, NULL, NULL, NULL, NULL),
(224, 9, '2014-03-23', 2, NULL, NULL, NULL, NULL, NULL),
(225, 9, '2014-03-24', 2, NULL, NULL, NULL, NULL, NULL),
(226, 9, '2014-03-25', 17, NULL, NULL, NULL, NULL, NULL),
(227, 9, '2014-03-26', 5, NULL, NULL, NULL, NULL, NULL),
(228, 9, '2014-03-27', 100, NULL, NULL, NULL, NULL, NULL),
(229, 9, '2014-03-28', 8, NULL, NULL, NULL, NULL, NULL),
(230, 9, '2014-03-29', 17, NULL, NULL, NULL, NULL, NULL),
(231, 9, '2014-03-30', 2, NULL, NULL, NULL, NULL, NULL),
(232, 10, '2014-03-01', 20, NULL, NULL, NULL, NULL, NULL),
(233, 10, '2014-03-02', 14, NULL, NULL, NULL, NULL, NULL),
(234, 10, '2014-03-03', 13, NULL, NULL, NULL, NULL, NULL),
(235, 10, '2014-03-04', 13, NULL, NULL, NULL, NULL, NULL),
(236, 10, '2014-03-05', 17, NULL, NULL, NULL, NULL, NULL),
(237, 10, '2014-03-06', 5, NULL, NULL, NULL, NULL, NULL),
(238, 10, '2014-03-07', 17, NULL, NULL, NULL, NULL, NULL),
(239, 10, '2014-03-08', 17, NULL, NULL, NULL, NULL, NULL),
(240, 10, '2014-03-09', 3, NULL, NULL, NULL, NULL, NULL),
(241, 10, '2014-03-10', 8, NULL, NULL, NULL, NULL, NULL),
(242, 10, '2014-03-11', 4, NULL, NULL, NULL, NULL, NULL),
(243, 10, '2014-03-12', 16, NULL, NULL, NULL, NULL, NULL),
(244, 10, '2014-03-13', 1, NULL, NULL, NULL, NULL, NULL),
(245, 10, '2014-03-14', 3, NULL, NULL, NULL, NULL, NULL),
(246, 10, '2014-03-15', 17, NULL, NULL, NULL, NULL, NULL),
(247, 10, '2014-03-16', 8, NULL, NULL, NULL, NULL, NULL),
(248, 10, '2014-03-17', 3, NULL, NULL, NULL, NULL, NULL),
(249, 10, '2014-03-18', 17, NULL, NULL, NULL, NULL, NULL),
(250, 10, '2014-03-19', 20, NULL, NULL, NULL, NULL, NULL),
(251, 10, '2014-03-20', 2, NULL, NULL, NULL, NULL, NULL),
(252, 10, '2014-03-21', 2, NULL, NULL, NULL, NULL, NULL),
(253, 10, '2014-03-22', 7, NULL, NULL, NULL, NULL, NULL),
(254, 10, '2014-03-23', 2, NULL, NULL, NULL, NULL, NULL),
(255, 10, '2014-03-24', 100, NULL, NULL, NULL, NULL, NULL),
(256, 10, '2014-03-25', 17, NULL, NULL, NULL, NULL, NULL),
(257, 10, '2014-03-26', 20, NULL, NULL, NULL, NULL, NULL),
(258, 10, '2014-03-27', 25, NULL, NULL, NULL, NULL, NULL),
(259, 10, '2014-03-28', 4, NULL, NULL, NULL, NULL, NULL),
(260, 10, '2014-03-29', 10, NULL, NULL, NULL, NULL, NULL),
(261, 10, '2014-03-30', 3, NULL, NULL, NULL, NULL, NULL),
(262, 11, '2014-03-01', 22, NULL, NULL, NULL, NULL, NULL),
(263, 11, '2014-03-02', 3, NULL, NULL, NULL, NULL, NULL),
(264, 11, '2014-03-03', 10, NULL, NULL, NULL, NULL, NULL),
(265, 11, '2014-03-04', 20, NULL, NULL, NULL, NULL, NULL),
(266, 11, '2014-03-05', 17, NULL, NULL, NULL, NULL, NULL),
(267, 11, '2014-03-06', 100, NULL, NULL, NULL, NULL, NULL),
(268, 11, '2014-03-07', 20, NULL, NULL, NULL, NULL, NULL),
(269, 11, '2014-03-08', 5, NULL, NULL, NULL, NULL, NULL),
(270, 11, '2014-03-09', 10, NULL, NULL, NULL, NULL, NULL),
(271, 11, '2014-03-10', 17, NULL, NULL, NULL, NULL, NULL),
(272, 11, '2014-03-11', 5, NULL, NULL, NULL, NULL, NULL),
(273, 11, '2014-03-12', 20, NULL, NULL, NULL, NULL, NULL),
(274, 11, '2014-03-13', 24, NULL, NULL, NULL, NULL, NULL),
(275, 11, '2014-03-14', 17, NULL, NULL, NULL, NULL, NULL),
(276, 11, '2014-03-15', 5, NULL, NULL, NULL, NULL, NULL),
(277, 11, '2014-03-16', 5, NULL, NULL, NULL, NULL, NULL),
(278, 11, '2014-03-17', 4, NULL, NULL, NULL, NULL, NULL),
(279, 11, '2014-03-18', 100, NULL, NULL, NULL, NULL, NULL),
(280, 11, '2014-03-19', 13, NULL, NULL, NULL, NULL, NULL),
(281, 11, '2014-03-20', 23, NULL, NULL, NULL, NULL, NULL),
(282, 11, '2014-03-21', 2, NULL, NULL, NULL, NULL, NULL),
(283, 11, '2014-03-22', 100, NULL, NULL, NULL, NULL, NULL),
(284, 11, '2014-03-23', 3, NULL, NULL, NULL, NULL, NULL),
(285, 11, '2014-03-24', 15, NULL, NULL, NULL, NULL, NULL),
(286, 11, '2014-03-25', 17, NULL, NULL, NULL, NULL, NULL),
(287, 11, '2014-03-26', 4, NULL, NULL, NULL, NULL, NULL),
(288, 11, '2014-03-27', 2, NULL, NULL, NULL, NULL, NULL),
(289, 11, '2014-03-28', 16, NULL, NULL, NULL, NULL, NULL),
(290, 11, '2014-03-29', 14, NULL, NULL, NULL, NULL, NULL),
(291, 11, '2014-03-30', 4, NULL, NULL, NULL, NULL, NULL),
(292, 12, '2014-03-01', 2, NULL, NULL, NULL, NULL, NULL),
(293, 12, '2014-03-02', 2, NULL, NULL, NULL, NULL, NULL),
(294, 12, '2014-03-03', 13, NULL, NULL, NULL, NULL, NULL),
(295, 12, '2014-03-04', 4, NULL, NULL, NULL, NULL, NULL),
(296, 12, '2014-03-05', 7, NULL, NULL, NULL, NULL, NULL),
(297, 12, '2014-03-06', 15, NULL, NULL, NULL, NULL, NULL),
(298, 12, '2014-03-07', 13, NULL, NULL, NULL, NULL, NULL),
(299, 12, '2014-03-08', 5, NULL, NULL, NULL, NULL, NULL),
(300, 12, '2014-03-09', 7, NULL, NULL, NULL, NULL, NULL),
(301, 12, '2014-03-10', 17, NULL, NULL, NULL, NULL, NULL),
(302, 12, '2014-03-11', 14, NULL, NULL, NULL, NULL, NULL),
(303, 12, '2014-03-12', 17, NULL, NULL, NULL, NULL, NULL),
(304, 12, '2014-03-13', 2, NULL, NULL, NULL, NULL, NULL),
(305, 12, '2014-03-14', 13, NULL, NULL, NULL, NULL, NULL),
(306, 12, '2014-03-15', 7, NULL, NULL, NULL, NULL, NULL),
(307, 12, '2014-03-16', 8, NULL, NULL, NULL, NULL, NULL),
(308, 12, '2014-03-17', 2, NULL, NULL, NULL, NULL, NULL),
(309, 12, '2014-03-18', 12, NULL, NULL, NULL, NULL, NULL),
(310, 12, '2014-03-19', 9, NULL, NULL, NULL, NULL, NULL),
(311, 12, '2014-03-20', 4, NULL, NULL, NULL, NULL, NULL),
(312, 12, '2014-03-21', 1, NULL, NULL, NULL, NULL, NULL),
(313, 12, '2014-03-22', 13, NULL, NULL, NULL, NULL, NULL),
(314, 12, '2014-03-23', 2, NULL, NULL, NULL, NULL, NULL),
(315, 12, '2014-03-24', 22, NULL, NULL, NULL, NULL, NULL),
(316, 12, '2014-03-25', 12, NULL, NULL, NULL, NULL, NULL),
(317, 12, '2014-03-26', 20, NULL, NULL, NULL, NULL, NULL),
(318, 12, '2014-03-27', 5, NULL, NULL, NULL, NULL, NULL),
(319, 12, '2014-03-28', 5, NULL, NULL, NULL, NULL, NULL),
(320, 12, '2014-03-29', 20, NULL, NULL, NULL, NULL, NULL),
(321, 12, '2014-03-30', 100, NULL, NULL, NULL, NULL, NULL),
(322, 13, '2014-03-01', 4, NULL, NULL, NULL, NULL, NULL),
(323, 13, '2014-03-02', 100, NULL, NULL, NULL, NULL, NULL),
(324, 13, '2014-03-03', 20, NULL, NULL, NULL, NULL, NULL),
(325, 13, '2014-03-04', 20, NULL, NULL, NULL, NULL, NULL),
(326, 13, '2014-03-05', 15, NULL, NULL, NULL, NULL, NULL),
(327, 13, '2014-03-06', 17, NULL, NULL, NULL, NULL, NULL),
(328, 13, '2014-03-07', 21, NULL, NULL, NULL, NULL, NULL),
(329, 13, '2014-03-08', 20, NULL, NULL, NULL, NULL, NULL),
(330, 13, '2014-03-09', 17, NULL, NULL, NULL, NULL, NULL),
(331, 13, '2014-03-10', 6, NULL, NULL, NULL, NULL, NULL),
(332, 13, '2014-03-11', 4, NULL, NULL, NULL, NULL, NULL),
(333, 13, '2014-03-12', 25, NULL, NULL, NULL, NULL, NULL),
(334, 13, '2014-03-13', 5, NULL, NULL, NULL, NULL, NULL),
(335, 13, '2014-03-14', 17, NULL, NULL, NULL, NULL, NULL),
(336, 13, '2014-03-15', 100, NULL, NULL, NULL, NULL, NULL),
(337, 13, '2014-03-16', 3, NULL, NULL, NULL, NULL, NULL),
(338, 13, '2014-03-17', 9, NULL, NULL, NULL, NULL, NULL),
(339, 13, '2014-03-18', 7, NULL, NULL, NULL, NULL, NULL),
(340, 13, '2014-03-19', 22, NULL, NULL, NULL, NULL, NULL),
(341, 13, '2014-03-20', 24, NULL, NULL, NULL, NULL, NULL),
(342, 13, '2014-03-21', 1, NULL, NULL, NULL, NULL, NULL),
(343, 13, '2014-03-22', 100, NULL, NULL, NULL, NULL, NULL),
(344, 13, '2014-03-23', 24, NULL, NULL, NULL, NULL, NULL),
(345, 13, '2014-03-24', 17, NULL, NULL, NULL, NULL, NULL),
(346, 13, '2014-03-25', 17, NULL, NULL, NULL, NULL, NULL),
(347, 13, '2014-03-26', 21, NULL, NULL, NULL, NULL, NULL),
(348, 13, '2014-03-27', 22, NULL, NULL, NULL, NULL, NULL),
(349, 13, '2014-03-28', 20, NULL, NULL, NULL, NULL, NULL),
(350, 13, '2014-03-29', 1, NULL, NULL, NULL, NULL, NULL),
(351, 13, '2014-03-30', 13, NULL, NULL, NULL, NULL, NULL),
(352, 14, '2014-03-01', 15, NULL, NULL, NULL, NULL, NULL),
(353, 14, '2014-03-02', 20, NULL, NULL, NULL, NULL, NULL),
(354, 14, '2014-03-03', 100, NULL, NULL, NULL, NULL, NULL),
(355, 14, '2014-03-04', 1, NULL, NULL, NULL, NULL, NULL),
(356, 14, '2014-03-05', 1, NULL, NULL, NULL, NULL, NULL),
(357, 14, '2014-03-06', 13, NULL, NULL, NULL, NULL, NULL),
(358, 14, '2014-03-07', 10, NULL, NULL, NULL, NULL, NULL),
(359, 14, '2014-03-08', 8, NULL, NULL, NULL, NULL, NULL),
(360, 14, '2014-03-09', 17, NULL, NULL, NULL, NULL, NULL),
(361, 14, '2014-03-10', 8, NULL, NULL, NULL, NULL, NULL),
(362, 14, '2014-03-11', 17, NULL, NULL, NULL, NULL, NULL),
(363, 14, '2014-03-12', 3, NULL, NULL, NULL, NULL, NULL),
(364, 14, '2014-03-13', 17, NULL, NULL, NULL, NULL, NULL),
(365, 14, '2014-03-14', 10, NULL, NULL, NULL, NULL, NULL),
(366, 14, '2014-03-15', 8, NULL, NULL, NULL, NULL, NULL),
(367, 14, '2014-03-16', 22, NULL, NULL, NULL, NULL, NULL),
(368, 14, '2014-03-17', 14, NULL, NULL, NULL, NULL, NULL),
(369, 14, '2014-03-18', 17, NULL, NULL, NULL, NULL, NULL),
(370, 14, '2014-03-19', 9, NULL, NULL, NULL, NULL, NULL),
(371, 14, '2014-03-20', 2, NULL, NULL, NULL, NULL, NULL),
(372, 14, '2014-03-21', 17, NULL, NULL, NULL, NULL, NULL),
(373, 14, '2014-03-22', 7, NULL, NULL, NULL, NULL, NULL),
(374, 14, '2014-03-23', 10, NULL, NULL, NULL, NULL, NULL),
(375, 14, '2014-03-24', 23, NULL, NULL, NULL, NULL, NULL),
(376, 14, '2014-03-25', 3, NULL, NULL, NULL, NULL, NULL),
(377, 14, '2014-03-26', 17, NULL, NULL, NULL, NULL, NULL),
(378, 14, '2014-03-27', 16, NULL, NULL, NULL, NULL, NULL),
(379, 14, '2014-03-28', 25, NULL, NULL, NULL, NULL, NULL),
(380, 14, '2014-03-29', 20, NULL, NULL, NULL, NULL, NULL),
(381, 14, '2014-03-30', 2, NULL, NULL, NULL, NULL, NULL),
(382, 15, '2014-03-01', 17, NULL, NULL, NULL, NULL, NULL),
(383, 15, '2014-03-02', 100, NULL, NULL, NULL, NULL, NULL),
(384, 15, '2014-03-03', 6, NULL, NULL, NULL, NULL, NULL),
(385, 15, '2014-03-04', 25, NULL, NULL, NULL, NULL, NULL),
(386, 15, '2014-03-05', 16, NULL, NULL, NULL, NULL, NULL),
(387, 15, '2014-03-06', 17, NULL, NULL, NULL, NULL, NULL),
(388, 15, '2014-03-07', 19, NULL, NULL, NULL, NULL, NULL),
(389, 15, '2014-03-08', 2, NULL, NULL, NULL, NULL, NULL),
(390, 15, '2014-03-09', 4, NULL, NULL, NULL, NULL, NULL),
(391, 15, '2014-03-10', 24, NULL, NULL, NULL, NULL, NULL),
(392, 15, '2014-03-11', 17, NULL, NULL, NULL, NULL, NULL),
(393, 15, '2014-03-12', 13, NULL, NULL, NULL, NULL, NULL),
(394, 15, '2014-03-13', 8, NULL, NULL, NULL, NULL, NULL),
(395, 15, '2014-03-14', 2, NULL, NULL, NULL, NULL, NULL),
(396, 15, '2014-03-15', 6, NULL, NULL, NULL, NULL, NULL),
(397, 15, '2014-03-16', 100, NULL, NULL, NULL, NULL, NULL),
(398, 15, '2014-03-17', 20, NULL, NULL, NULL, NULL, NULL),
(399, 15, '2014-03-18', 2, NULL, NULL, NULL, NULL, NULL),
(400, 15, '2014-03-19', 13, NULL, NULL, NULL, NULL, NULL),
(401, 15, '2014-03-20', 22, NULL, NULL, NULL, NULL, NULL),
(402, 15, '2014-03-21', 17, NULL, NULL, NULL, NULL, NULL),
(403, 15, '2014-03-22', 21, NULL, NULL, NULL, NULL, NULL),
(404, 15, '2014-03-23', 8, NULL, NULL, NULL, NULL, NULL),
(405, 15, '2014-03-24', 22, NULL, NULL, NULL, NULL, NULL),
(406, 15, '2014-03-25', 2, NULL, NULL, NULL, NULL, NULL),
(407, 15, '2014-03-26', 13, NULL, NULL, NULL, NULL, NULL),
(408, 15, '2014-03-27', 22, NULL, NULL, NULL, NULL, NULL),
(409, 15, '2014-03-28', 4, NULL, NULL, NULL, NULL, NULL),
(410, 15, '2014-03-29', 20, NULL, NULL, NULL, NULL, NULL),
(411, 15, '2014-03-30', 20, NULL, NULL, NULL, NULL, NULL),
(412, 16, '2014-03-01', 7, NULL, NULL, NULL, NULL, NULL),
(413, 16, '2014-03-02', 17, NULL, NULL, NULL, NULL, NULL),
(414, 16, '2014-03-03', 8, NULL, NULL, NULL, NULL, NULL),
(415, 16, '2014-03-04', 17, NULL, NULL, NULL, NULL, NULL),
(416, 16, '2014-03-05', 7, NULL, NULL, NULL, NULL, NULL),
(417, 16, '2014-03-06', 3, NULL, NULL, NULL, NULL, NULL),
(418, 16, '2014-03-07', 17, NULL, NULL, NULL, NULL, NULL),
(419, 16, '2014-03-08', 25, NULL, NULL, NULL, NULL, NULL),
(420, 16, '2014-03-09', 8, NULL, NULL, NULL, NULL, NULL),
(421, 16, '2014-03-10', 10, NULL, NULL, NULL, NULL, NULL),
(422, 16, '2014-03-11', 2, NULL, NULL, NULL, NULL, NULL),
(423, 16, '2014-03-12', 6, NULL, NULL, NULL, NULL, NULL),
(424, 16, '2014-03-13', 9, NULL, NULL, NULL, NULL, NULL),
(425, 16, '2014-03-14', 2, NULL, NULL, NULL, NULL, NULL),
(426, 16, '2014-03-15', 2, NULL, NULL, NULL, NULL, NULL),
(427, 16, '2014-03-16', 17, NULL, NULL, NULL, NULL, NULL),
(428, 16, '2014-03-17', 25, NULL, NULL, NULL, NULL, NULL),
(429, 16, '2014-03-18', 10, NULL, NULL, NULL, NULL, NULL),
(430, 16, '2014-03-19', 14, NULL, NULL, NULL, NULL, NULL),
(431, 16, '2014-03-20', 2, NULL, NULL, NULL, NULL, NULL),
(432, 16, '2014-03-21', 7, NULL, NULL, NULL, NULL, NULL),
(433, 16, '2014-03-22', 100, NULL, NULL, NULL, NULL, NULL),
(434, 16, '2014-03-23', 9, NULL, NULL, NULL, NULL, NULL),
(435, 16, '2014-03-24', 17, NULL, NULL, NULL, NULL, NULL),
(436, 16, '2014-03-25', 100, NULL, NULL, NULL, NULL, NULL),
(437, 16, '2014-03-26', 8, NULL, NULL, NULL, NULL, NULL),
(438, 16, '2014-03-27', 1, NULL, NULL, NULL, NULL, NULL),
(439, 16, '2014-03-28', 17, NULL, NULL, NULL, NULL, NULL),
(440, 16, '2014-03-29', 17, NULL, NULL, NULL, NULL, NULL),
(441, 16, '2014-03-30', 4, NULL, NULL, NULL, NULL, NULL),
(442, 17, '2014-03-01', 17, NULL, NULL, NULL, NULL, NULL),
(443, 17, '2014-03-02', 7, NULL, NULL, NULL, NULL, NULL),
(444, 17, '2014-03-03', 16, NULL, NULL, NULL, NULL, NULL),
(445, 17, '2014-03-04', 2, NULL, NULL, NULL, NULL, NULL),
(446, 17, '2014-03-05', 10, NULL, NULL, NULL, NULL, NULL),
(447, 17, '2014-03-06', 17, NULL, NULL, NULL, NULL, NULL),
(448, 17, '2014-03-07', 100, NULL, NULL, NULL, NULL, NULL),
(449, 17, '2014-03-08', 16, NULL, NULL, NULL, NULL, NULL),
(450, 17, '2014-03-09', 100, NULL, NULL, NULL, NULL, NULL),
(451, 17, '2014-03-10', 16, NULL, NULL, NULL, NULL, NULL),
(452, 17, '2014-03-11', 24, NULL, NULL, NULL, NULL, NULL),
(453, 17, '2014-03-12', 21, NULL, NULL, NULL, NULL, NULL),
(454, 17, '2014-03-13', 2, NULL, NULL, NULL, NULL, NULL),
(455, 17, '2014-03-14', 16, NULL, NULL, NULL, NULL, NULL),
(456, 17, '2014-03-15', 17, NULL, NULL, NULL, NULL, NULL),
(457, 17, '2014-03-16', 25, NULL, NULL, NULL, NULL, NULL),
(458, 17, '2014-03-17', 13, NULL, NULL, NULL, NULL, NULL),
(459, 17, '2014-03-18', 24, NULL, NULL, NULL, NULL, NULL),
(460, 17, '2014-03-19', 100, NULL, NULL, NULL, NULL, NULL),
(461, 17, '2014-03-20', 11, NULL, NULL, NULL, NULL, NULL),
(462, 17, '2014-03-21', 2, NULL, NULL, NULL, NULL, NULL),
(463, 17, '2014-03-22', 17, NULL, NULL, NULL, NULL, NULL),
(464, 17, '2014-03-23', 17, NULL, NULL, NULL, NULL, NULL),
(465, 17, '2014-03-24', 13, NULL, NULL, NULL, NULL, NULL),
(466, 17, '2014-03-25', 22, NULL, NULL, NULL, NULL, NULL),
(467, 17, '2014-03-26', 5, NULL, NULL, NULL, NULL, NULL),
(468, 17, '2014-03-27', 5, NULL, NULL, NULL, NULL, NULL),
(469, 17, '2014-03-28', 18, NULL, NULL, NULL, NULL, NULL),
(470, 17, '2014-03-29', 100, NULL, NULL, NULL, NULL, NULL),
(471, 17, '2014-03-30', 20, NULL, NULL, NULL, NULL, NULL),
(472, 18, '2014-03-01', 100, NULL, NULL, NULL, NULL, NULL),
(473, 18, '2014-03-02', 23, NULL, NULL, NULL, NULL, NULL),
(474, 18, '2014-03-03', 14, NULL, NULL, NULL, NULL, NULL),
(475, 18, '2014-03-04', 25, NULL, NULL, NULL, NULL, NULL),
(476, 18, '2014-03-05', 17, NULL, NULL, NULL, NULL, NULL),
(477, 18, '2014-03-06', 20, NULL, NULL, NULL, NULL, NULL),
(478, 18, '2014-03-07', 1, NULL, NULL, NULL, NULL, NULL),
(479, 18, '2014-03-08', 7, NULL, NULL, NULL, NULL, NULL),
(480, 18, '2014-03-09', 100, NULL, NULL, NULL, NULL, NULL),
(481, 18, '2014-03-10', 10, NULL, NULL, NULL, NULL, NULL),
(482, 18, '2014-03-11', 17, NULL, NULL, NULL, NULL, NULL),
(483, 18, '2014-03-12', 4, NULL, NULL, NULL, NULL, NULL),
(484, 18, '2014-03-13', 20, NULL, NULL, NULL, NULL, NULL),
(485, 18, '2014-03-14', 15, NULL, NULL, NULL, NULL, NULL),
(486, 18, '2014-03-15', 21, NULL, NULL, NULL, NULL, NULL),
(487, 18, '2014-03-16', 24, NULL, NULL, NULL, NULL, NULL),
(488, 18, '2014-03-17', 20, NULL, NULL, NULL, NULL, NULL),
(489, 18, '2014-03-18', 3, NULL, NULL, NULL, NULL, NULL),
(490, 18, '2014-03-19', 25, NULL, NULL, NULL, NULL, NULL),
(491, 18, '2014-03-20', 2, NULL, NULL, NULL, NULL, NULL),
(492, 18, '2014-03-21', 8, NULL, NULL, NULL, NULL, NULL),
(493, 18, '2014-03-22', 100, NULL, NULL, NULL, NULL, NULL),
(494, 18, '2014-03-23', 2, NULL, NULL, NULL, NULL, NULL),
(495, 18, '2014-03-24', 25, NULL, NULL, NULL, NULL, NULL),
(496, 18, '2014-03-25', 2, NULL, NULL, NULL, NULL, NULL),
(497, 18, '2014-03-26', 2, NULL, NULL, NULL, NULL, NULL),
(498, 18, '2014-03-27', 17, NULL, NULL, NULL, NULL, NULL),
(499, 18, '2014-03-28', 5, NULL, NULL, NULL, NULL, NULL),
(500, 18, '2014-03-29', 20, NULL, NULL, NULL, NULL, NULL),
(501, 18, '2014-03-30', 17, NULL, NULL, NULL, NULL, NULL),
(502, 19, '2014-03-01', 18, NULL, NULL, NULL, NULL, NULL),
(503, 19, '2014-03-02', 3, NULL, NULL, NULL, NULL, NULL),
(504, 19, '2014-03-03', 2, NULL, NULL, NULL, NULL, NULL),
(505, 19, '2014-03-04', 11, NULL, NULL, NULL, NULL, NULL),
(506, 19, '2014-03-05', 17, NULL, NULL, NULL, NULL, NULL),
(507, 19, '2014-03-06', 2, NULL, NULL, NULL, NULL, NULL),
(508, 19, '2014-03-07', 14, NULL, NULL, NULL, NULL, NULL),
(509, 19, '2014-03-08', 25, NULL, NULL, NULL, NULL, NULL),
(510, 19, '2014-03-09', 8, NULL, NULL, NULL, NULL, NULL),
(511, 19, '2014-03-10', 2, NULL, NULL, NULL, NULL, NULL),
(512, 19, '2014-03-11', 25, NULL, NULL, NULL, NULL, NULL),
(513, 19, '2014-03-12', 13, NULL, NULL, NULL, NULL, NULL),
(514, 19, '2014-03-13', 20, NULL, NULL, NULL, NULL, NULL),
(515, 19, '2014-03-14', 3, NULL, NULL, NULL, NULL, NULL),
(516, 19, '2014-03-15', 21, NULL, NULL, NULL, NULL, NULL),
(517, 19, '2014-03-16', 15, NULL, NULL, NULL, NULL, NULL),
(518, 19, '2014-03-17', 5, NULL, NULL, NULL, NULL, NULL),
(519, 19, '2014-03-18', 2, NULL, NULL, NULL, NULL, NULL),
(520, 19, '2014-03-19', 25, NULL, NULL, NULL, NULL, NULL),
(521, 19, '2014-03-20', 2, NULL, NULL, NULL, NULL, NULL),
(522, 19, '2014-03-21', 20, NULL, NULL, NULL, NULL, NULL),
(523, 19, '2014-03-22', 25, NULL, NULL, NULL, NULL, NULL),
(524, 19, '2014-03-23', 17, NULL, NULL, NULL, NULL, NULL),
(525, 19, '2014-03-24', 100, NULL, NULL, NULL, NULL, NULL),
(526, 19, '2014-03-25', 17, NULL, NULL, NULL, NULL, NULL),
(527, 19, '2014-03-26', 25, NULL, NULL, NULL, NULL, NULL),
(528, 19, '2014-03-27', 10, NULL, NULL, NULL, NULL, NULL),
(529, 19, '2014-03-28', 16, NULL, NULL, NULL, NULL, NULL),
(530, 19, '2014-03-29', 16, NULL, NULL, NULL, NULL, NULL),
(531, 19, '2014-03-30', 17, NULL, NULL, NULL, NULL, NULL),
(532, 20, '2014-03-01', 16, NULL, NULL, NULL, NULL, NULL),
(533, 20, '2014-03-02', 2, NULL, NULL, NULL, NULL, NULL),
(534, 20, '2014-03-03', 100, NULL, NULL, NULL, NULL, NULL),
(535, 20, '2014-03-04', 7, NULL, NULL, NULL, NULL, NULL),
(536, 20, '2014-03-05', 20, NULL, NULL, NULL, NULL, NULL),
(537, 20, '2014-03-06', 4, NULL, NULL, NULL, NULL, NULL),
(538, 20, '2014-03-07', 23, NULL, NULL, NULL, NULL, NULL),
(539, 20, '2014-03-08', 14, NULL, NULL, NULL, NULL, NULL),
(540, 20, '2014-03-09', 10, NULL, NULL, NULL, NULL, NULL),
(541, 20, '2014-03-10', 23, NULL, NULL, NULL, NULL, NULL),
(542, 20, '2014-03-11', 21, NULL, NULL, NULL, NULL, NULL),
(543, 20, '2014-03-12', 25, NULL, NULL, NULL, NULL, NULL),
(544, 20, '2014-03-13', 16, NULL, NULL, NULL, NULL, NULL),
(545, 20, '2014-03-14', 7, NULL, NULL, NULL, NULL, NULL),
(546, 20, '2014-03-15', 25, NULL, NULL, NULL, NULL, NULL),
(547, 20, '2014-03-16', 17, NULL, NULL, NULL, NULL, NULL),
(548, 20, '2014-03-17', 1, NULL, NULL, NULL, NULL, NULL),
(549, 20, '2014-03-18', 2, NULL, NULL, NULL, NULL, NULL),
(550, 20, '2014-03-19', 20, NULL, NULL, NULL, NULL, NULL),
(551, 20, '2014-03-20', 4, NULL, NULL, NULL, NULL, NULL),
(552, 20, '2014-03-21', 4, NULL, NULL, NULL, NULL, NULL),
(553, 20, '2014-03-22', 22, NULL, NULL, NULL, NULL, NULL),
(554, 20, '2014-03-23', 2, NULL, NULL, NULL, NULL, NULL),
(555, 20, '2014-03-24', 3, NULL, NULL, NULL, NULL, NULL),
(556, 20, '2014-03-25', 24, NULL, NULL, NULL, NULL, NULL),
(557, 20, '2014-03-26', 19, NULL, NULL, NULL, NULL, NULL),
(558, 20, '2014-03-27', 25, NULL, NULL, NULL, NULL, NULL),
(559, 20, '2014-03-28', 6, NULL, NULL, NULL, NULL, NULL),
(560, 20, '2014-03-29', 15, NULL, NULL, NULL, NULL, NULL),
(561, 20, '2014-03-30', 7, NULL, NULL, NULL, NULL, NULL),
(562, 21, '2014-03-01', 13, NULL, NULL, NULL, NULL, NULL),
(563, 21, '2014-03-02', 17, NULL, NULL, NULL, NULL, NULL),
(564, 21, '2014-03-03', 100, NULL, NULL, NULL, NULL, NULL),
(565, 21, '2014-03-04', 22, NULL, NULL, NULL, NULL, NULL),
(566, 21, '2014-03-05', 17, NULL, NULL, NULL, NULL, NULL),
(567, 21, '2014-03-06', 4, NULL, NULL, NULL, NULL, NULL),
(568, 21, '2014-03-07', 8, NULL, NULL, NULL, NULL, NULL),
(569, 21, '2014-03-08', 13, NULL, NULL, NULL, NULL, NULL),
(570, 21, '2014-03-09', 18, NULL, NULL, NULL, NULL, NULL),
(571, 21, '2014-03-10', 8, NULL, NULL, NULL, NULL, NULL),
(572, 21, '2014-03-11', 3, NULL, NULL, NULL, NULL, NULL),
(573, 21, '2014-03-12', 5, NULL, NULL, NULL, NULL, NULL),
(574, 21, '2014-03-13', 17, NULL, NULL, NULL, NULL, NULL),
(575, 21, '2014-03-14', 4, NULL, NULL, NULL, NULL, NULL),
(576, 21, '2014-03-15', 5, NULL, NULL, NULL, NULL, NULL),
(577, 21, '2014-03-16', 17, NULL, NULL, NULL, NULL, NULL),
(578, 21, '2014-03-17', 9, NULL, NULL, NULL, NULL, NULL),
(579, 21, '2014-03-18', 24, NULL, NULL, NULL, NULL, NULL),
(580, 21, '2014-03-19', 17, NULL, NULL, NULL, NULL, NULL),
(581, 21, '2014-03-20', 13, NULL, NULL, NULL, NULL, NULL),
(582, 21, '2014-03-21', 25, NULL, NULL, NULL, NULL, NULL),
(583, 21, '2014-03-22', 19, NULL, NULL, NULL, NULL, NULL),
(584, 21, '2014-03-23', 25, NULL, NULL, NULL, NULL, NULL),
(585, 21, '2014-03-24', 17, NULL, NULL, NULL, NULL, NULL),
(586, 21, '2014-03-25', 7, NULL, NULL, NULL, NULL, NULL),
(587, 21, '2014-03-26', 10, NULL, NULL, NULL, NULL, NULL),
(588, 21, '2014-03-27', 5, NULL, NULL, NULL, NULL, NULL),
(589, 21, '2014-03-28', 25, NULL, NULL, NULL, NULL, NULL),
(590, 21, '2014-03-29', 18, NULL, NULL, NULL, NULL, NULL),
(591, 21, '2014-03-30', 20, NULL, NULL, NULL, NULL, NULL),
(592, 22, '2014-03-01', 3, NULL, NULL, NULL, NULL, NULL),
(593, 22, '2014-03-02', 7, NULL, NULL, NULL, NULL, NULL),
(594, 22, '2014-03-03', 7, NULL, NULL, NULL, NULL, NULL),
(595, 22, '2014-03-04', 1, NULL, NULL, NULL, NULL, NULL),
(596, 22, '2014-03-05', 4, NULL, NULL, NULL, NULL, NULL),
(597, 22, '2014-03-06', 17, NULL, NULL, NULL, NULL, NULL),
(598, 22, '2014-03-07', 13, NULL, NULL, NULL, NULL, NULL),
(599, 22, '2014-03-08', 7, NULL, NULL, NULL, NULL, NULL),
(600, 22, '2014-03-09', 2, NULL, NULL, NULL, NULL, NULL),
(601, 22, '2014-03-10', 16, NULL, NULL, NULL, NULL, NULL),
(602, 22, '2014-03-11', 3, NULL, NULL, NULL, NULL, NULL),
(603, 22, '2014-03-12', 2, NULL, NULL, NULL, NULL, NULL),
(604, 22, '2014-03-13', 17, NULL, NULL, NULL, NULL, NULL),
(605, 22, '2014-03-14', 13, NULL, NULL, NULL, NULL, NULL),
(606, 22, '2014-03-15', 14, NULL, NULL, NULL, NULL, NULL),
(607, 22, '2014-03-16', 17, NULL, NULL, NULL, NULL, NULL),
(608, 22, '2014-03-17', 25, NULL, NULL, NULL, NULL, NULL),
(609, 22, '2014-03-18', 8, NULL, NULL, NULL, NULL, NULL),
(610, 22, '2014-03-19', 20, NULL, NULL, NULL, NULL, NULL),
(611, 22, '2014-03-20', 24, NULL, NULL, NULL, NULL, NULL),
(612, 22, '2014-03-21', 25, NULL, NULL, NULL, NULL, NULL),
(613, 22, '2014-03-22', 3, NULL, NULL, NULL, NULL, NULL),
(614, 22, '2014-03-23', 7, NULL, NULL, NULL, NULL, NULL),
(615, 22, '2014-03-24', 4, NULL, NULL, NULL, NULL, NULL),
(616, 22, '2014-03-25', 1, NULL, NULL, NULL, NULL, NULL),
(617, 22, '2014-03-26', 6, NULL, NULL, NULL, NULL, NULL),
(618, 22, '2014-03-27', 16, NULL, NULL, NULL, NULL, NULL),
(619, 22, '2014-03-28', 18, NULL, NULL, NULL, NULL, NULL),
(620, 22, '2014-03-29', 21, NULL, NULL, NULL, NULL, NULL),
(621, 22, '2014-03-30', 25, NULL, NULL, NULL, NULL, NULL),
(622, 23, '2014-03-01', 17, NULL, NULL, NULL, NULL, NULL),
(623, 23, '2014-03-02', 2, NULL, NULL, NULL, NULL, NULL),
(624, 23, '2014-03-03', 17, NULL, NULL, NULL, NULL, NULL),
(625, 23, '2014-03-04', 16, NULL, NULL, NULL, NULL, NULL),
(626, 23, '2014-03-05', 20, NULL, NULL, NULL, NULL, NULL),
(627, 23, '2014-03-06', 17, NULL, NULL, NULL, NULL, NULL),
(628, 23, '2014-03-07', 14, NULL, NULL, NULL, NULL, NULL),
(629, 23, '2014-03-08', 25, NULL, NULL, NULL, NULL, NULL),
(630, 23, '2014-03-09', 16, NULL, NULL, NULL, NULL, NULL),
(631, 23, '2014-03-10', 15, NULL, NULL, NULL, NULL, NULL),
(632, 23, '2014-03-11', 17, NULL, NULL, NULL, NULL, NULL),
(633, 23, '2014-03-12', 15, NULL, NULL, NULL, NULL, NULL),
(634, 23, '2014-03-13', 20, NULL, NULL, NULL, NULL, NULL),
(635, 23, '2014-03-14', 17, NULL, NULL, NULL, NULL, NULL),
(636, 23, '2014-03-15', 4, NULL, NULL, NULL, NULL, NULL),
(637, 23, '2014-03-16', 5, NULL, NULL, NULL, NULL, NULL),
(638, 23, '2014-03-17', 25, NULL, NULL, NULL, NULL, NULL),
(639, 23, '2014-03-18', 18, NULL, NULL, NULL, NULL, NULL),
(640, 23, '2014-03-19', 13, NULL, NULL, NULL, NULL, NULL),
(641, 23, '2014-03-20', 4, NULL, NULL, NULL, NULL, NULL),
(642, 23, '2014-03-21', 3, NULL, NULL, NULL, NULL, NULL),
(643, 23, '2014-03-22', 100, NULL, NULL, NULL, NULL, NULL),
(644, 23, '2014-03-23', 100, NULL, NULL, NULL, NULL, NULL),
(645, 23, '2014-03-24', 22, NULL, NULL, NULL, NULL, NULL),
(646, 23, '2014-03-25', 4, NULL, NULL, NULL, NULL, NULL),
(647, 23, '2014-03-26', 100, NULL, NULL, NULL, NULL, NULL),
(648, 23, '2014-03-27', 5, NULL, NULL, NULL, NULL, NULL),
(649, 23, '2014-03-28', 17, NULL, NULL, NULL, NULL, NULL),
(650, 23, '2014-03-29', 17, NULL, NULL, NULL, NULL, NULL),
(651, 23, '2014-03-30', 14, NULL, NULL, NULL, NULL, NULL),
(652, 24, '2014-03-01', 100, NULL, NULL, NULL, NULL, NULL),
(653, 24, '2014-03-02', 2, NULL, NULL, NULL, NULL, NULL),
(654, 24, '2014-03-03', 2, NULL, NULL, NULL, NULL, NULL),
(655, 24, '2014-03-04', 2, NULL, NULL, NULL, NULL, NULL),
(656, 24, '2014-03-05', 24, NULL, NULL, NULL, NULL, NULL),
(657, 24, '2014-03-06', 16, NULL, NULL, NULL, NULL, NULL),
(658, 24, '2014-03-07', 25, NULL, NULL, NULL, NULL, NULL),
(659, 24, '2014-03-08', 17, NULL, NULL, NULL, NULL, NULL),
(660, 24, '2014-03-09', 15, NULL, NULL, NULL, NULL, NULL),
(661, 24, '2014-03-10', 4, NULL, NULL, NULL, NULL, NULL),
(662, 24, '2014-03-11', 19, NULL, NULL, NULL, NULL, NULL),
(663, 24, '2014-03-12', 10, NULL, NULL, NULL, NULL, NULL),
(664, 24, '2014-03-13', 24, NULL, NULL, NULL, NULL, NULL),
(665, 24, '2014-03-14', 13, NULL, NULL, NULL, NULL, NULL),
(666, 24, '2014-03-15', 13, NULL, NULL, NULL, NULL, NULL),
(667, 24, '2014-03-16', 1, NULL, NULL, NULL, NULL, NULL),
(668, 24, '2014-03-17', 20, NULL, NULL, NULL, NULL, NULL),
(669, 24, '2014-03-18', 5, NULL, NULL, NULL, NULL, NULL),
(670, 24, '2014-03-19', 25, NULL, NULL, NULL, NULL, NULL),
(671, 24, '2014-03-20', 5, NULL, NULL, NULL, NULL, NULL),
(672, 24, '2014-03-21', 10, NULL, NULL, NULL, NULL, NULL),
(673, 24, '2014-03-22', 16, NULL, NULL, NULL, NULL, NULL),
(674, 24, '2014-03-23', 14, NULL, NULL, NULL, NULL, NULL),
(675, 24, '2014-03-24', 17, NULL, NULL, NULL, NULL, NULL),
(676, 24, '2014-03-25', 3, NULL, NULL, NULL, NULL, NULL),
(677, 24, '2014-03-26', 2, NULL, NULL, NULL, NULL, NULL),
(678, 24, '2014-03-27', 8, NULL, NULL, NULL, NULL, NULL),
(679, 24, '2014-03-28', 17, NULL, NULL, NULL, NULL, NULL),
(680, 24, '2014-03-29', 13, NULL, NULL, NULL, NULL, NULL),
(681, 24, '2014-03-30', 1, NULL, NULL, NULL, NULL, NULL),
(682, 25, '2014-03-01', 100, NULL, NULL, NULL, NULL, NULL),
(683, 25, '2014-03-02', 11, NULL, NULL, NULL, NULL, NULL),
(684, 25, '2014-03-03', 1, NULL, NULL, NULL, NULL, NULL),
(685, 25, '2014-03-04', 100, NULL, NULL, NULL, NULL, NULL),
(686, 25, '2014-03-05', 17, NULL, NULL, NULL, NULL, NULL),
(687, 25, '2014-03-06', 10, NULL, NULL, NULL, NULL, NULL),
(688, 25, '2014-03-07', 5, NULL, NULL, NULL, NULL, NULL),
(689, 25, '2014-03-08', 15, NULL, NULL, NULL, NULL, NULL),
(690, 25, '2014-03-09', 4, NULL, NULL, NULL, NULL, NULL),
(691, 25, '2014-03-10', 100, NULL, NULL, NULL, NULL, NULL),
(692, 25, '2014-03-11', 5, NULL, NULL, NULL, NULL, NULL),
(693, 25, '2014-03-12', 100, NULL, NULL, NULL, NULL, NULL),
(694, 25, '2014-03-13', 5, NULL, NULL, NULL, NULL, NULL),
(695, 25, '2014-03-14', 16, NULL, NULL, NULL, NULL, NULL),
(696, 25, '2014-03-15', 25, NULL, NULL, NULL, NULL, NULL),
(697, 25, '2014-03-16', 15, NULL, NULL, NULL, NULL, NULL),
(698, 25, '2014-03-17', 13, NULL, NULL, NULL, NULL, NULL),
(699, 25, '2014-03-18', 25, NULL, NULL, NULL, NULL, NULL),
(700, 25, '2014-03-19', 4, NULL, NULL, NULL, NULL, NULL),
(701, 25, '2014-03-20', 8, NULL, NULL, NULL, NULL, NULL),
(702, 25, '2014-03-21', 15, NULL, NULL, NULL, NULL, NULL),
(703, 25, '2014-03-22', 16, NULL, NULL, NULL, NULL, NULL),
(704, 25, '2014-03-23', 8, NULL, NULL, NULL, NULL, NULL),
(705, 25, '2014-03-24', 7, NULL, NULL, NULL, NULL, NULL),
(706, 25, '2014-03-25', 13, NULL, NULL, NULL, NULL, NULL),
(707, 25, '2014-03-26', 13, NULL, NULL, NULL, NULL, NULL),
(708, 25, '2014-03-27', 20, NULL, NULL, NULL, NULL, NULL),
(709, 25, '2014-03-28', 15, NULL, NULL, NULL, NULL, NULL),
(710, 25, '2014-03-29', 2, NULL, NULL, NULL, NULL, NULL),
(711, 25, '2014-03-30', 100, NULL, NULL, NULL, NULL, NULL),
(712, 26, '2014-03-01', 1, NULL, NULL, NULL, NULL, NULL),
(713, 26, '2014-03-02', 10, NULL, NULL, NULL, NULL, NULL),
(714, 26, '2014-03-03', 4, NULL, NULL, NULL, NULL, NULL),
(715, 26, '2014-03-04', 17, NULL, NULL, NULL, NULL, NULL),
(716, 26, '2014-03-05', 100, NULL, NULL, NULL, NULL, NULL),
(717, 26, '2014-03-06', 25, NULL, NULL, NULL, NULL, NULL),
(718, 26, '2014-03-07', 2, NULL, NULL, NULL, NULL, NULL),
(719, 26, '2014-03-08', 25, NULL, NULL, NULL, NULL, NULL),
(720, 26, '2014-03-09', 4, NULL, NULL, NULL, NULL, NULL),
(721, 26, '2014-03-10', 20, NULL, NULL, NULL, NULL, NULL),
(722, 26, '2014-03-11', 17, NULL, NULL, NULL, NULL, NULL),
(723, 26, '2014-03-12', 3, NULL, NULL, NULL, NULL, NULL),
(724, 26, '2014-03-13', 6, NULL, NULL, NULL, NULL, NULL),
(725, 26, '2014-03-14', 15, NULL, NULL, NULL, NULL, NULL),
(726, 26, '2014-03-15', 22, NULL, NULL, NULL, NULL, NULL),
(727, 26, '2014-03-16', 14, NULL, NULL, NULL, NULL, NULL),
(728, 26, '2014-03-17', 19, NULL, NULL, NULL, NULL, NULL),
(729, 26, '2014-03-18', 8, NULL, NULL, NULL, NULL, NULL),
(730, 26, '2014-03-19', 22, NULL, NULL, NULL, NULL, NULL),
(731, 26, '2014-03-20', 8, NULL, NULL, NULL, NULL, NULL),
(732, 26, '2014-03-21', 17, NULL, NULL, NULL, NULL, NULL),
(733, 26, '2014-03-22', 8, NULL, NULL, NULL, NULL, NULL),
(734, 26, '2014-03-23', 25, NULL, NULL, NULL, NULL, NULL),
(735, 26, '2014-03-24', 19, NULL, NULL, NULL, NULL, NULL),
(736, 26, '2014-03-25', 25, NULL, NULL, NULL, NULL, NULL),
(737, 26, '2014-03-26', 4, NULL, NULL, NULL, NULL, NULL),
(738, 26, '2014-03-27', 23, NULL, NULL, NULL, NULL, NULL),
(739, 26, '2014-03-28', 22, NULL, NULL, NULL, NULL, NULL),
(740, 26, '2014-03-29', 9, NULL, NULL, NULL, NULL, NULL),
(741, 26, '2014-03-30', 15, NULL, NULL, NULL, NULL, NULL),
(742, 27, '2014-03-01', 3, NULL, NULL, NULL, NULL, NULL),
(743, 27, '2014-03-02', 3, NULL, NULL, NULL, NULL, NULL),
(744, 27, '2014-03-03', 17, NULL, NULL, NULL, NULL, NULL),
(745, 27, '2014-03-04', 8, NULL, NULL, NULL, NULL, NULL),
(746, 27, '2014-03-05', 1, NULL, NULL, NULL, NULL, NULL),
(747, 27, '2014-03-06', 13, NULL, NULL, NULL, NULL, NULL),
(748, 27, '2014-03-07', 3, NULL, NULL, NULL, NULL, NULL),
(749, 27, '2014-03-08', 100, NULL, NULL, NULL, NULL, NULL),
(750, 27, '2014-03-09', 4, NULL, NULL, NULL, NULL, NULL),
(751, 27, '2014-03-10', 4, NULL, NULL, NULL, NULL, NULL),
(752, 27, '2014-03-11', 10, NULL, NULL, NULL, NULL, NULL),
(753, 27, '2014-03-12', 17, NULL, NULL, NULL, NULL, NULL),
(754, 27, '2014-03-13', 8, NULL, NULL, NULL, NULL, NULL),
(755, 27, '2014-03-14', 17, NULL, NULL, NULL, NULL, NULL),
(756, 27, '2014-03-15', 17, NULL, NULL, NULL, NULL, NULL),
(757, 27, '2014-03-16', 20, NULL, NULL, NULL, NULL, NULL),
(758, 27, '2014-03-17', 2, NULL, NULL, NULL, NULL, NULL),
(759, 27, '2014-03-18', 10, NULL, NULL, NULL, NULL, NULL),
(760, 27, '2014-03-19', 20, NULL, NULL, NULL, NULL, NULL),
(761, 27, '2014-03-20', 8, NULL, NULL, NULL, NULL, NULL),
(762, 27, '2014-03-21', 4, NULL, NULL, NULL, NULL, NULL),
(763, 27, '2014-03-22', 9, NULL, NULL, NULL, NULL, NULL),
(764, 27, '2014-03-23', 5, NULL, NULL, NULL, NULL, NULL),
(765, 27, '2014-03-24', 7, NULL, NULL, NULL, NULL, NULL),
(766, 27, '2014-03-25', 3, NULL, NULL, NULL, NULL, NULL),
(767, 27, '2014-03-26', 6, NULL, NULL, NULL, NULL, NULL),
(768, 27, '2014-03-27', 17, NULL, NULL, NULL, NULL, NULL),
(769, 27, '2014-03-28', 2, NULL, NULL, NULL, NULL, NULL),
(770, 27, '2014-03-29', 7, NULL, NULL, NULL, NULL, NULL),
(771, 27, '2014-03-30', 24, NULL, NULL, NULL, NULL, NULL),
(772, 28, '2014-03-01', 8, NULL, NULL, NULL, NULL, NULL),
(773, 28, '2014-03-02', 17, NULL, NULL, NULL, NULL, NULL),
(774, 28, '2014-03-03', 6, NULL, NULL, NULL, NULL, NULL),
(775, 28, '2014-03-04', 25, NULL, NULL, NULL, NULL, NULL),
(776, 28, '2014-03-05', 25, NULL, NULL, NULL, NULL, NULL),
(777, 28, '2014-03-06', 22, NULL, NULL, NULL, NULL, NULL),
(778, 28, '2014-03-07', 17, NULL, NULL, NULL, NULL, NULL),
(779, 28, '2014-03-08', 17, NULL, NULL, NULL, NULL, NULL),
(780, 28, '2014-03-09', 5, NULL, NULL, NULL, NULL, NULL),
(781, 28, '2014-03-10', 17, NULL, NULL, NULL, NULL, NULL),
(782, 28, '2014-03-11', 2, NULL, NULL, NULL, NULL, NULL),
(783, 28, '2014-03-12', 2, NULL, NULL, NULL, NULL, NULL),
(784, 28, '2014-03-13', 100, NULL, NULL, NULL, NULL, NULL),
(785, 28, '2014-03-14', 5, NULL, NULL, NULL, NULL, NULL),
(786, 28, '2014-03-15', 17, NULL, NULL, NULL, NULL, NULL),
(787, 28, '2014-03-16', 100, NULL, NULL, NULL, NULL, NULL),
(788, 28, '2014-03-17', 2, NULL, NULL, NULL, NULL, NULL),
(789, 28, '2014-03-18', 17, NULL, NULL, NULL, NULL, NULL),
(790, 28, '2014-03-19', 24, NULL, NULL, NULL, NULL, NULL),
(791, 28, '2014-03-20', 2, NULL, NULL, NULL, NULL, NULL),
(792, 28, '2014-03-21', 17, NULL, NULL, NULL, NULL, NULL),
(793, 28, '2014-03-22', 7, NULL, NULL, NULL, NULL, NULL),
(794, 28, '2014-03-23', 6, NULL, NULL, NULL, NULL, NULL),
(795, 28, '2014-03-24', 16, NULL, NULL, NULL, NULL, NULL),
(796, 28, '2014-03-25', 18, NULL, NULL, NULL, NULL, NULL),
(797, 28, '2014-03-26', 20, NULL, NULL, NULL, NULL, NULL),
(798, 28, '2014-03-27', 16, NULL, NULL, NULL, NULL, NULL),
(799, 28, '2014-03-28', 2, NULL, NULL, NULL, NULL, NULL),
(800, 28, '2014-03-29', 17, NULL, NULL, NULL, NULL, NULL),
(801, 28, '2014-03-30', 100, NULL, NULL, NULL, NULL, NULL),
(802, 29, '2014-03-01', 3, NULL, NULL, NULL, NULL, NULL),
(803, 29, '2014-03-02', 16, NULL, NULL, NULL, NULL, NULL),
(804, 29, '2014-03-03', 1, NULL, NULL, NULL, NULL, NULL),
(805, 29, '2014-03-04', 4, NULL, NULL, NULL, NULL, NULL),
(806, 29, '2014-03-05', 17, NULL, NULL, NULL, NULL, NULL),
(807, 29, '2014-03-06', 2, NULL, NULL, NULL, NULL, NULL),
(808, 29, '2014-03-07', 4, NULL, NULL, NULL, NULL, NULL),
(809, 29, '2014-03-08', 14, NULL, NULL, NULL, NULL, NULL),
(810, 29, '2014-03-09', 25, NULL, NULL, NULL, NULL, NULL),
(811, 29, '2014-03-10', 4, NULL, NULL, NULL, NULL, NULL),
(812, 29, '2014-03-11', 2, NULL, NULL, NULL, NULL, NULL),
(813, 29, '2014-03-12', 8, NULL, NULL, NULL, NULL, NULL),
(814, 29, '2014-03-13', 13, NULL, NULL, NULL, NULL, NULL),
(815, 29, '2014-03-14', 17, NULL, NULL, NULL, NULL, NULL),
(816, 29, '2014-03-15', 1, NULL, NULL, NULL, NULL, NULL),
(817, 29, '2014-03-16', 13, NULL, NULL, NULL, NULL, NULL),
(818, 29, '2014-03-17', 20, NULL, NULL, NULL, NULL, NULL),
(819, 29, '2014-03-18', 100, NULL, NULL, NULL, NULL, NULL),
(820, 29, '2014-03-19', 17, NULL, NULL, NULL, NULL, NULL),
(821, 29, '2014-03-20', 25, NULL, NULL, NULL, NULL, NULL),
(822, 29, '2014-03-21', 2, NULL, NULL, NULL, NULL, NULL),
(823, 29, '2014-03-22', 22, NULL, NULL, NULL, NULL, NULL),
(824, 29, '2014-03-23', 5, NULL, NULL, NULL, NULL, NULL),
(825, 29, '2014-03-24', 100, NULL, NULL, NULL, NULL, NULL),
(826, 29, '2014-03-25', 1, NULL, NULL, NULL, NULL, NULL),
(827, 29, '2014-03-26', 13, NULL, NULL, NULL, NULL, NULL),
(828, 29, '2014-03-27', 23, NULL, NULL, NULL, NULL, NULL),
(829, 29, '2014-03-28', 20, NULL, NULL, NULL, NULL, NULL),
(830, 29, '2014-03-29', 17, NULL, NULL, NULL, NULL, NULL),
(831, 29, '2014-03-30', 17, NULL, NULL, NULL, NULL, NULL),
(832, 30, '2014-03-01', 100, NULL, NULL, NULL, NULL, NULL),
(833, 30, '2014-03-02', 5, NULL, NULL, NULL, NULL, NULL),
(834, 30, '2014-03-03', 100, NULL, NULL, NULL, NULL, NULL),
(835, 30, '2014-03-04', 17, NULL, NULL, NULL, NULL, NULL),
(836, 30, '2014-03-05', 10, NULL, NULL, NULL, NULL, NULL),
(837, 30, '2014-03-06', 13, NULL, NULL, NULL, NULL, NULL),
(838, 30, '2014-03-07', 20, NULL, NULL, NULL, NULL, NULL),
(839, 30, '2014-03-08', 24, NULL, NULL, NULL, NULL, NULL),
(840, 30, '2014-03-09', 17, NULL, NULL, NULL, NULL, NULL),
(841, 30, '2014-03-10', 20, NULL, NULL, NULL, NULL, NULL),
(842, 30, '2014-03-11', 10, NULL, NULL, NULL, NULL, NULL),
(843, 30, '2014-03-12', 15, NULL, NULL, NULL, NULL, NULL),
(844, 30, '2014-03-13', 1, NULL, NULL, NULL, NULL, NULL),
(845, 30, '2014-03-14', 17, NULL, NULL, NULL, NULL, NULL),
(846, 30, '2014-03-15', 10, NULL, NULL, NULL, NULL, NULL),
(847, 30, '2014-03-16', 4, NULL, NULL, NULL, NULL, NULL),
(848, 30, '2014-03-17', 10, NULL, NULL, NULL, NULL, NULL),
(849, 30, '2014-03-18', 3, NULL, NULL, NULL, NULL, NULL),
(850, 30, '2014-03-19', 100, NULL, NULL, NULL, NULL, NULL),
(851, 30, '2014-03-20', 17, NULL, NULL, NULL, NULL, NULL),
(852, 30, '2014-03-21', 2, NULL, NULL, NULL, NULL, NULL),
(853, 30, '2014-03-22', 2, NULL, NULL, NULL, NULL, NULL),
(854, 30, '2014-03-23', 4, NULL, NULL, NULL, NULL, NULL),
(855, 30, '2014-03-24', 4, NULL, NULL, NULL, NULL, NULL),
(856, 30, '2014-03-25', 17, NULL, NULL, NULL, NULL, NULL),
(857, 30, '2014-03-26', 13, NULL, NULL, NULL, NULL, NULL),
(858, 30, '2014-03-27', 11, NULL, NULL, NULL, NULL, NULL),
(859, 30, '2014-03-28', 3, NULL, NULL, NULL, NULL, NULL),
(860, 30, '2014-03-29', 5, NULL, NULL, NULL, NULL, NULL),
(861, 30, '2014-03-30', 1, NULL, NULL, NULL, NULL, NULL),
(862, 31, '2014-03-01', 20, NULL, NULL, NULL, NULL, NULL),
(863, 31, '2014-03-02', 100, NULL, NULL, NULL, NULL, NULL),
(864, 31, '2014-03-03', 7, NULL, NULL, NULL, NULL, NULL),
(865, 31, '2014-03-04', 13, NULL, NULL, NULL, NULL, NULL),
(866, 31, '2014-03-05', 20, NULL, NULL, NULL, NULL, NULL),
(867, 31, '2014-03-06', 10, NULL, NULL, NULL, NULL, NULL),
(868, 31, '2014-03-07', 20, NULL, NULL, NULL, NULL, NULL),
(869, 31, '2014-03-08', 4, NULL, NULL, NULL, NULL, NULL),
(870, 31, '2014-03-09', 24, NULL, NULL, NULL, NULL, NULL),
(871, 31, '2014-03-10', 17, NULL, NULL, NULL, NULL, NULL),
(872, 31, '2014-03-11', 5, NULL, NULL, NULL, NULL, NULL),
(873, 31, '2014-03-12', 11, NULL, NULL, NULL, NULL, NULL),
(874, 31, '2014-03-13', 13, NULL, NULL, NULL, NULL, NULL),
(875, 31, '2014-03-14', 22, NULL, NULL, NULL, NULL, NULL),
(876, 31, '2014-03-15', 2, NULL, NULL, NULL, NULL, NULL),
(877, 31, '2014-03-16', 3, NULL, NULL, NULL, NULL, NULL),
(878, 31, '2014-03-17', 17, NULL, NULL, NULL, NULL, NULL),
(879, 31, '2014-03-18', 22, NULL, NULL, NULL, NULL, NULL),
(880, 31, '2014-03-19', 3, NULL, NULL, NULL, NULL, NULL),
(881, 31, '2014-03-20', 16, NULL, NULL, NULL, NULL, NULL),
(882, 31, '2014-03-21', 100, NULL, NULL, NULL, NULL, NULL),
(883, 31, '2014-03-22', 13, NULL, NULL, NULL, NULL, NULL),
(884, 31, '2014-03-23', 20, NULL, NULL, NULL, NULL, NULL),
(885, 31, '2014-03-24', 100, NULL, NULL, NULL, NULL, NULL),
(886, 31, '2014-03-25', 17, NULL, NULL, NULL, NULL, NULL),
(887, 31, '2014-03-26', 10, NULL, NULL, NULL, NULL, NULL),
(888, 31, '2014-03-27', 20, NULL, NULL, NULL, NULL, NULL),
(889, 31, '2014-03-28', 15, NULL, NULL, NULL, NULL, NULL),
(890, 31, '2014-03-29', 20, NULL, NULL, NULL, NULL, NULL),
(891, 31, '2014-03-30', 16, NULL, NULL, NULL, NULL, NULL),
(892, 32, '2014-03-01', 3, NULL, NULL, NULL, NULL, NULL),
(893, 32, '2014-03-02', 12, NULL, NULL, NULL, NULL, NULL),
(894, 32, '2014-03-03', 8, NULL, NULL, NULL, NULL, NULL),
(895, 32, '2014-03-04', 5, NULL, NULL, NULL, NULL, NULL),
(896, 32, '2014-03-05', 16, NULL, NULL, NULL, NULL, NULL),
(897, 32, '2014-03-06', 25, NULL, NULL, NULL, NULL, NULL),
(898, 32, '2014-03-07', 20, NULL, NULL, NULL, NULL, NULL),
(899, 32, '2014-03-08', 3, NULL, NULL, NULL, NULL, NULL),
(900, 32, '2014-03-09', 2, NULL, NULL, NULL, NULL, NULL),
(901, 32, '2014-03-10', 25, NULL, NULL, NULL, NULL, NULL),
(902, 32, '2014-03-11', 4, NULL, NULL, NULL, NULL, NULL),
(903, 32, '2014-03-12', 15, NULL, NULL, NULL, NULL, NULL),
(904, 32, '2014-03-13', 3, NULL, NULL, NULL, NULL, NULL),
(905, 32, '2014-03-14', 8, NULL, NULL, NULL, NULL, NULL),
(906, 32, '2014-03-15', 4, NULL, NULL, NULL, NULL, NULL),
(907, 32, '2014-03-16', 17, NULL, NULL, NULL, NULL, NULL),
(908, 32, '2014-03-17', 22, NULL, NULL, NULL, NULL, NULL),
(909, 32, '2014-03-18', 14, NULL, NULL, NULL, NULL, NULL),
(910, 32, '2014-03-19', 24, NULL, NULL, NULL, NULL, NULL),
(911, 32, '2014-03-20', 13, NULL, NULL, NULL, NULL, NULL),
(912, 32, '2014-03-21', 17, NULL, NULL, NULL, NULL, NULL),
(913, 32, '2014-03-22', 3, NULL, NULL, NULL, NULL, NULL),
(914, 32, '2014-03-23', 2, NULL, NULL, NULL, NULL, NULL),
(915, 32, '2014-03-24', 8, NULL, NULL, NULL, NULL, NULL),
(916, 32, '2014-03-25', 8, NULL, NULL, NULL, NULL, NULL),
(917, 32, '2014-03-26', 14, NULL, NULL, NULL, NULL, NULL),
(918, 32, '2014-03-27', 1, NULL, NULL, NULL, NULL, NULL),
(919, 32, '2014-03-28', 2, NULL, NULL, NULL, NULL, NULL),
(920, 32, '2014-03-29', 17, NULL, NULL, NULL, NULL, NULL),
(921, 32, '2014-03-30', 21, NULL, NULL, NULL, NULL, NULL),
(922, 33, '2014-03-01', 4, NULL, NULL, NULL, NULL, NULL),
(923, 33, '2014-03-02', 3, NULL, NULL, NULL, NULL, NULL),
(924, 33, '2014-03-03', 1, NULL, NULL, NULL, NULL, NULL),
(925, 33, '2014-03-04', 7, NULL, NULL, NULL, NULL, NULL),
(926, 33, '2014-03-05', 17, NULL, NULL, NULL, NULL, NULL),
(927, 33, '2014-03-06', 16, NULL, NULL, NULL, NULL, NULL),
(928, 33, '2014-03-07', 8, NULL, NULL, NULL, NULL, NULL),
(929, 33, '2014-03-08', 22, NULL, NULL, NULL, NULL, NULL),
(930, 33, '2014-03-09', 22, NULL, NULL, NULL, NULL, NULL),
(931, 33, '2014-03-10', 3, NULL, NULL, NULL, NULL, NULL),
(932, 33, '2014-03-11', 100, NULL, NULL, NULL, NULL, NULL),
(933, 33, '2014-03-12', 13, NULL, NULL, NULL, NULL, NULL),
(934, 33, '2014-03-13', 2, NULL, NULL, NULL, NULL, NULL),
(935, 33, '2014-03-14', 25, NULL, NULL, NULL, NULL, NULL),
(936, 33, '2014-03-15', 17, NULL, NULL, NULL, NULL, NULL),
(937, 33, '2014-03-16', 13, NULL, NULL, NULL, NULL, NULL),
(938, 33, '2014-03-17', 7, NULL, NULL, NULL, NULL, NULL),
(939, 33, '2014-03-18', 17, NULL, NULL, NULL, NULL, NULL),
(940, 33, '2014-03-19', 16, NULL, NULL, NULL, NULL, NULL),
(941, 33, '2014-03-20', 18, NULL, NULL, NULL, NULL, NULL),
(942, 33, '2014-03-21', 17, NULL, NULL, NULL, NULL, NULL),
(943, 33, '2014-03-22', 1, NULL, NULL, NULL, NULL, NULL),
(944, 33, '2014-03-23', 22, NULL, NULL, NULL, NULL, NULL),
(945, 33, '2014-03-24', 7, NULL, NULL, NULL, NULL, NULL),
(946, 33, '2014-03-25', 7, NULL, NULL, NULL, NULL, NULL),
(947, 33, '2014-03-26', 100, NULL, NULL, NULL, NULL, NULL),
(948, 33, '2014-03-27', 10, NULL, NULL, NULL, NULL, NULL),
(949, 33, '2014-03-28', 22, NULL, NULL, NULL, NULL, NULL),
(950, 33, '2014-03-29', 25, NULL, NULL, NULL, NULL, NULL),
(951, 33, '2014-03-30', 4, NULL, NULL, NULL, NULL, NULL),
(952, 34, '2014-03-01', 3, NULL, NULL, NULL, NULL, NULL),
(953, 34, '2014-03-02', 4, NULL, NULL, NULL, NULL, NULL),
(954, 34, '2014-03-03', 1, NULL, NULL, NULL, NULL, NULL),
(955, 34, '2014-03-04', 14, NULL, NULL, NULL, NULL, NULL),
(956, 34, '2014-03-05', 100, NULL, NULL, NULL, NULL, NULL),
(957, 34, '2014-03-06', 20, NULL, NULL, NULL, NULL, NULL),
(958, 34, '2014-03-07', 100, NULL, NULL, NULL, NULL, NULL),
(959, 34, '2014-03-08', 17, NULL, NULL, NULL, NULL, NULL),
(960, 34, '2014-03-09', 18, NULL, NULL, NULL, NULL, NULL),
(961, 34, '2014-03-10', 17, NULL, NULL, NULL, NULL, NULL),
(962, 34, '2014-03-11', 19, NULL, NULL, NULL, NULL, NULL),
(963, 34, '2014-03-12', 6, NULL, NULL, NULL, NULL, NULL),
(964, 34, '2014-03-13', 25, NULL, NULL, NULL, NULL, NULL),
(965, 34, '2014-03-14', 7, NULL, NULL, NULL, NULL, NULL),
(966, 34, '2014-03-15', 19, NULL, NULL, NULL, NULL, NULL),
(967, 34, '2014-03-16', 21, NULL, NULL, NULL, NULL, NULL),
(968, 34, '2014-03-17', 13, NULL, NULL, NULL, NULL, NULL),
(969, 34, '2014-03-18', 10, NULL, NULL, NULL, NULL, NULL),
(970, 34, '2014-03-19', 7, NULL, NULL, NULL, NULL, NULL),
(971, 34, '2014-03-20', 17, NULL, NULL, NULL, NULL, NULL),
(972, 34, '2014-03-21', 100, NULL, NULL, NULL, NULL, NULL),
(973, 34, '2014-03-22', 7, NULL, NULL, NULL, NULL, NULL),
(974, 34, '2014-03-23', 2, NULL, NULL, NULL, NULL, NULL),
(975, 34, '2014-03-24', 2, NULL, NULL, NULL, NULL, NULL),
(976, 34, '2014-03-25', 100, NULL, NULL, NULL, NULL, NULL),
(977, 34, '2014-03-26', 3, NULL, NULL, NULL, NULL, NULL),
(978, 34, '2014-03-27', 10, NULL, NULL, NULL, NULL, NULL),
(979, 34, '2014-03-28', 20, NULL, NULL, NULL, NULL, NULL),
(980, 34, '2014-03-29', 16, NULL, NULL, NULL, NULL, NULL),
(981, 34, '2014-03-30', 24, NULL, NULL, NULL, NULL, NULL),
(982, 35, '2014-03-01', 23, NULL, NULL, NULL, NULL, NULL),
(983, 35, '2014-03-02', 14, NULL, NULL, NULL, NULL, NULL),
(984, 35, '2014-03-03', 5, NULL, NULL, NULL, NULL, NULL),
(985, 35, '2014-03-04', 17, NULL, NULL, NULL, NULL, NULL),
(986, 35, '2014-03-05', 100, NULL, NULL, NULL, NULL, NULL),
(987, 35, '2014-03-06', 14, NULL, NULL, NULL, NULL, NULL),
(988, 35, '2014-03-07', 15, NULL, NULL, NULL, NULL, NULL),
(989, 35, '2014-03-08', 12, NULL, NULL, NULL, NULL, NULL),
(990, 35, '2014-03-09', 10, NULL, NULL, NULL, NULL, NULL),
(991, 35, '2014-03-10', 3, NULL, NULL, NULL, NULL, NULL),
(992, 35, '2014-03-11', 17, NULL, NULL, NULL, NULL, NULL),
(993, 35, '2014-03-12', 17, NULL, NULL, NULL, NULL, NULL),
(994, 35, '2014-03-13', 20, NULL, NULL, NULL, NULL, NULL),
(995, 35, '2014-03-14', 20, NULL, NULL, NULL, NULL, NULL),
(996, 35, '2014-03-15', 17, NULL, NULL, NULL, NULL, NULL),
(997, 35, '2014-03-16', 2, NULL, NULL, NULL, NULL, NULL),
(998, 35, '2014-03-17', 5, NULL, NULL, NULL, NULL, NULL),
(999, 35, '2014-03-18', 100, NULL, NULL, NULL, NULL, NULL),
(1000, 35, '2014-03-19', 13, NULL, NULL, NULL, NULL, NULL),
(1001, 35, '2014-03-20', 22, NULL, NULL, NULL, NULL, NULL),
(1002, 35, '2014-03-21', 15, NULL, NULL, NULL, NULL, NULL),
(1003, 35, '2014-03-22', 4, NULL, NULL, NULL, NULL, NULL),
(1004, 35, '2014-03-23', 19, NULL, NULL, NULL, NULL, NULL),
(1005, 35, '2014-03-24', 10, NULL, NULL, NULL, NULL, NULL),
(1006, 35, '2014-03-25', 2, NULL, NULL, NULL, NULL, NULL),
(1007, 35, '2014-03-26', 100, NULL, NULL, NULL, NULL, NULL),
(1008, 35, '2014-03-27', 20, NULL, NULL, NULL, NULL, NULL),
(1009, 35, '2014-03-28', 8, NULL, NULL, NULL, NULL, NULL),
(1010, 35, '2014-03-29', 13, NULL, NULL, NULL, NULL, NULL),
(1011, 35, '2014-03-30', 20, NULL, NULL, NULL, NULL, NULL),
(1012, 36, '2014-03-01', 20, NULL, NULL, NULL, NULL, NULL),
(1013, 36, '2014-03-02', 22, NULL, NULL, NULL, NULL, NULL),
(1014, 36, '2014-03-03', 1, NULL, NULL, NULL, NULL, NULL),
(1015, 36, '2014-03-04', 100, NULL, NULL, NULL, NULL, NULL),
(1016, 36, '2014-03-05', 4, NULL, NULL, NULL, NULL, NULL),
(1017, 36, '2014-03-06', 7, NULL, NULL, NULL, NULL, NULL),
(1018, 36, '2014-03-07', 2, NULL, NULL, NULL, NULL, NULL),
(1019, 36, '2014-03-08', 2, NULL, NULL, NULL, NULL, NULL),
(1020, 36, '2014-03-09', 3, NULL, NULL, NULL, NULL, NULL),
(1021, 36, '2014-03-10', 100, NULL, NULL, NULL, NULL, NULL),
(1022, 36, '2014-03-11', 3, NULL, NULL, NULL, NULL, NULL),
(1023, 36, '2014-03-12', 7, NULL, NULL, NULL, NULL, NULL),
(1024, 36, '2014-03-13', 25, NULL, NULL, NULL, NULL, NULL),
(1025, 36, '2014-03-14', 2, NULL, NULL, NULL, NULL, NULL),
(1026, 36, '2014-03-15', 10, NULL, NULL, NULL, NULL, NULL),
(1027, 36, '2014-03-16', 6, NULL, NULL, NULL, NULL, NULL),
(1028, 36, '2014-03-17', 5, NULL, NULL, NULL, NULL, NULL),
(1029, 36, '2014-03-18', 16, NULL, NULL, NULL, NULL, NULL),
(1030, 36, '2014-03-19', 25, NULL, NULL, NULL, NULL, NULL),
(1031, 36, '2014-03-20', 16, NULL, NULL, NULL, NULL, NULL),
(1032, 36, '2014-03-21', 4, NULL, NULL, NULL, NULL, NULL),
(1033, 36, '2014-03-22', 4, NULL, NULL, NULL, NULL, NULL),
(1034, 36, '2014-03-23', 13, NULL, NULL, NULL, NULL, NULL),
(1035, 36, '2014-03-24', 10, NULL, NULL, NULL, NULL, NULL),
(1036, 36, '2014-03-25', 17, NULL, NULL, NULL, NULL, NULL),
(1037, 36, '2014-03-26', 7, NULL, NULL, NULL, NULL, NULL),
(1038, 36, '2014-03-27', 17, NULL, NULL, NULL, NULL, NULL),
(1039, 36, '2014-03-28', 20, NULL, NULL, NULL, NULL, NULL),
(1040, 36, '2014-03-29', 9, NULL, NULL, NULL, NULL, NULL),
(1041, 36, '2014-03-30', 5, NULL, NULL, NULL, NULL, NULL),
(1042, 37, '2014-03-01', 2, NULL, NULL, NULL, NULL, NULL),
(1043, 37, '2014-03-02', 2, NULL, NULL, NULL, NULL, NULL),
(1044, 37, '2014-03-03', 100, NULL, NULL, NULL, NULL, NULL),
(1045, 37, '2014-03-04', 8, NULL, NULL, NULL, NULL, NULL),
(1046, 37, '2014-03-05', 19, NULL, NULL, NULL, NULL, NULL),
(1047, 37, '2014-03-06', 7, NULL, NULL, NULL, NULL, NULL),
(1048, 37, '2014-03-07', 16, NULL, NULL, NULL, NULL, NULL),
(1049, 37, '2014-03-08', 13, NULL, NULL, NULL, NULL, NULL),
(1050, 37, '2014-03-09', 14, NULL, NULL, NULL, NULL, NULL),
(1051, 37, '2014-03-10', 3, NULL, NULL, NULL, NULL, NULL),
(1052, 37, '2014-03-11', 21, NULL, NULL, NULL, NULL, NULL),
(1053, 37, '2014-03-12', 100, NULL, NULL, NULL, NULL, NULL),
(1054, 37, '2014-03-13', 17, NULL, NULL, NULL, NULL, NULL),
(1055, 37, '2014-03-14', 13, NULL, NULL, NULL, NULL, NULL),
(1056, 37, '2014-03-15', 22, NULL, NULL, NULL, NULL, NULL),
(1057, 37, '2014-03-16', 18, NULL, NULL, NULL, NULL, NULL),
(1058, 37, '2014-03-17', 17, NULL, NULL, NULL, NULL, NULL),
(1059, 37, '2014-03-18', 24, NULL, NULL, NULL, NULL, NULL),
(1060, 37, '2014-03-19', 100, NULL, NULL, NULL, NULL, NULL),
(1061, 37, '2014-03-20', 100, NULL, NULL, NULL, NULL, NULL),
(1062, 37, '2014-03-21', 17, NULL, NULL, NULL, NULL, NULL),
(1063, 37, '2014-03-22', 4, NULL, NULL, NULL, NULL, NULL),
(1064, 37, '2014-03-23', 11, NULL, NULL, NULL, NULL, NULL),
(1065, 37, '2014-03-24', 5, NULL, NULL, NULL, NULL, NULL),
(1066, 37, '2014-03-25', 3, NULL, NULL, NULL, NULL, NULL),
(1067, 37, '2014-03-26', 8, NULL, NULL, NULL, NULL, NULL),
(1068, 37, '2014-03-27', 2, NULL, NULL, NULL, NULL, NULL),
(1069, 37, '2014-03-28', 2, NULL, NULL, NULL, NULL, NULL),
(1070, 37, '2014-03-29', 1, NULL, NULL, NULL, NULL, NULL),
(1071, 37, '2014-03-30', 23, NULL, NULL, NULL, NULL, NULL),
(1072, 38, '2014-03-01', 15, NULL, NULL, NULL, NULL, NULL),
(1073, 38, '2014-03-02', 2, NULL, NULL, NULL, NULL, NULL),
(1074, 38, '2014-03-03', 4, NULL, NULL, NULL, NULL, NULL),
(1075, 38, '2014-03-04', 15, NULL, NULL, NULL, NULL, NULL),
(1076, 38, '2014-03-05', 3, NULL, NULL, NULL, NULL, NULL),
(1077, 38, '2014-03-06', 5, NULL, NULL, NULL, NULL, NULL),
(1078, 38, '2014-03-07', 20, NULL, NULL, NULL, NULL, NULL),
(1079, 38, '2014-03-08', 8, NULL, NULL, NULL, NULL, NULL),
(1080, 38, '2014-03-09', 100, NULL, NULL, NULL, NULL, NULL),
(1081, 38, '2014-03-10', 19, NULL, NULL, NULL, NULL, NULL),
(1082, 38, '2014-03-11', 13, NULL, NULL, NULL, NULL, NULL),
(1083, 38, '2014-03-12', 3, NULL, NULL, NULL, NULL, NULL),
(1084, 38, '2014-03-13', 5, NULL, NULL, NULL, NULL, NULL),
(1085, 38, '2014-03-14', 22, NULL, NULL, NULL, NULL, NULL),
(1086, 38, '2014-03-15', 22, NULL, NULL, NULL, NULL, NULL),
(1087, 38, '2014-03-16', 3, NULL, NULL, NULL, NULL, NULL),
(1088, 38, '2014-03-17', 13, NULL, NULL, NULL, NULL, NULL),
(1089, 38, '2014-03-18', 4, NULL, NULL, NULL, NULL, NULL),
(1090, 38, '2014-03-19', 100, NULL, NULL, NULL, NULL, NULL),
(1091, 38, '2014-03-20', 13, NULL, NULL, NULL, NULL, NULL),
(1092, 38, '2014-03-21', 20, NULL, NULL, NULL, NULL, NULL),
(1093, 38, '2014-03-22', 25, NULL, NULL, NULL, NULL, NULL),
(1094, 38, '2014-03-23', 14, NULL, NULL, NULL, NULL, NULL),
(1095, 38, '2014-03-24', 25, NULL, NULL, NULL, NULL, NULL),
(1096, 38, '2014-03-25', 3, NULL, NULL, NULL, NULL, NULL),
(1097, 38, '2014-03-26', 16, NULL, NULL, NULL, NULL, NULL),
(1098, 38, '2014-03-27', 17, NULL, NULL, NULL, NULL, NULL),
(1099, 38, '2014-03-28', 2, NULL, NULL, NULL, NULL, NULL),
(1100, 38, '2014-03-29', 22, NULL, NULL, NULL, NULL, NULL),
(1101, 38, '2014-03-30', 25, NULL, NULL, NULL, NULL, NULL),
(1102, 39, '2014-03-01', 15, NULL, NULL, NULL, NULL, NULL),
(1103, 39, '2014-03-02', 10, NULL, NULL, NULL, NULL, NULL),
(1104, 39, '2014-03-03', 4, NULL, NULL, NULL, NULL, NULL),
(1105, 39, '2014-03-04', 13, NULL, NULL, NULL, NULL, NULL),
(1106, 39, '2014-03-05', 4, NULL, NULL, NULL, NULL, NULL),
(1107, 39, '2014-03-06', 22, NULL, NULL, NULL, NULL, NULL),
(1108, 39, '2014-03-07', 17, NULL, NULL, NULL, NULL, NULL),
(1109, 39, '2014-03-08', 20, NULL, NULL, NULL, NULL, NULL),
(1110, 39, '2014-03-09', 17, NULL, NULL, NULL, NULL, NULL),
(1111, 39, '2014-03-10', 100, NULL, NULL, NULL, NULL, NULL),
(1112, 39, '2014-03-11', 20, NULL, NULL, NULL, NULL, NULL),
(1113, 39, '2014-03-12', 2, NULL, NULL, NULL, NULL, NULL),
(1114, 39, '2014-03-13', 5, NULL, NULL, NULL, NULL, NULL),
(1115, 39, '2014-03-14', 22, NULL, NULL, NULL, NULL, NULL),
(1116, 39, '2014-03-15', 20, NULL, NULL, NULL, NULL, NULL),
(1117, 39, '2014-03-16', 16, NULL, NULL, NULL, NULL, NULL),
(1118, 39, '2014-03-17', 7, NULL, NULL, NULL, NULL, NULL),
(1119, 39, '2014-03-18', 100, NULL, NULL, NULL, NULL, NULL),
(1120, 39, '2014-03-19', 16, NULL, NULL, NULL, NULL, NULL),
(1121, 39, '2014-03-20', 2, NULL, NULL, NULL, NULL, NULL),
(1122, 39, '2014-03-21', 4, NULL, NULL, NULL, NULL, NULL),
(1123, 39, '2014-03-22', 20, NULL, NULL, NULL, NULL, NULL),
(1124, 39, '2014-03-23', 2, NULL, NULL, NULL, NULL, NULL),
(1125, 39, '2014-03-24', 24, NULL, NULL, NULL, NULL, NULL),
(1126, 39, '2014-03-25', 14, NULL, NULL, NULL, NULL, NULL),
(1127, 39, '2014-03-26', 25, NULL, NULL, NULL, NULL, NULL),
(1128, 39, '2014-03-27', 6, NULL, NULL, NULL, NULL, NULL),
(1129, 39, '2014-03-28', 16, NULL, NULL, NULL, NULL, NULL),
(1130, 39, '2014-03-29', 19, NULL, NULL, NULL, NULL, NULL),
(1131, 39, '2014-03-30', 8, NULL, NULL, NULL, NULL, NULL),
(1132, 40, '2014-03-01', 20, NULL, NULL, NULL, NULL, NULL),
(1133, 40, '2014-03-02', 1, NULL, NULL, NULL, NULL, NULL),
(1134, 40, '2014-03-03', 7, NULL, NULL, NULL, NULL, NULL),
(1135, 40, '2014-03-04', 20, NULL, NULL, NULL, NULL, NULL),
(1136, 40, '2014-03-05', 15, NULL, NULL, NULL, NULL, NULL),
(1137, 40, '2014-03-06', 15, NULL, NULL, NULL, NULL, NULL),
(1138, 40, '2014-03-07', 8, NULL, NULL, NULL, NULL, NULL),
(1139, 40, '2014-03-08', 17, NULL, NULL, NULL, NULL, NULL),
(1140, 40, '2014-03-09', 100, NULL, NULL, NULL, NULL, NULL),
(1141, 40, '2014-03-10', 17, NULL, NULL, NULL, NULL, NULL),
(1142, 40, '2014-03-11', 2, NULL, NULL, NULL, NULL, NULL),
(1143, 40, '2014-03-12', 17, NULL, NULL, NULL, NULL, NULL),
(1144, 40, '2014-03-13', 2, NULL, NULL, NULL, NULL, NULL),
(1145, 40, '2014-03-14', 2, NULL, NULL, NULL, NULL, NULL),
(1146, 40, '2014-03-15', 7, NULL, NULL, NULL, NULL, NULL),
(1147, 40, '2014-03-16', 13, NULL, NULL, NULL, NULL, NULL),
(1148, 40, '2014-03-17', 8, NULL, NULL, NULL, NULL, NULL),
(1149, 40, '2014-03-18', 24, NULL, NULL, NULL, NULL, NULL),
(1150, 40, '2014-03-19', 17, NULL, NULL, NULL, NULL, NULL),
(1151, 40, '2014-03-20', 7, NULL, NULL, NULL, NULL, NULL),
(1152, 40, '2014-03-21', 7, NULL, NULL, NULL, NULL, NULL),
(1153, 40, '2014-03-22', 13, NULL, NULL, NULL, NULL, NULL),
(1154, 40, '2014-03-23', 100, NULL, NULL, NULL, NULL, NULL),
(1155, 40, '2014-03-24', 14, NULL, NULL, NULL, NULL, NULL),
(1156, 40, '2014-03-25', 17, NULL, NULL, NULL, NULL, NULL),
(1157, 40, '2014-03-26', 6, NULL, NULL, NULL, NULL, NULL),
(1158, 40, '2014-03-27', 14, NULL, NULL, NULL, NULL, NULL),
(1159, 40, '2014-03-28', 10, NULL, NULL, NULL, NULL, NULL),
(1160, 40, '2014-03-29', 22, NULL, NULL, NULL, NULL, NULL),
(1161, 40, '2014-03-30', 8, NULL, NULL, NULL, NULL, NULL),
(1162, 41, '2014-03-01', 17, NULL, NULL, NULL, NULL, NULL),
(1163, 41, '2014-03-02', 14, NULL, NULL, NULL, NULL, NULL),
(1164, 41, '2014-03-03', 10, NULL, NULL, NULL, NULL, NULL),
(1165, 41, '2014-03-04', 20, NULL, NULL, NULL, NULL, NULL),
(1166, 41, '2014-03-05', 1, NULL, NULL, NULL, NULL, NULL),
(1167, 41, '2014-03-06', 17, NULL, NULL, NULL, NULL, NULL),
(1168, 41, '2014-03-07', 23, NULL, NULL, NULL, NULL, NULL),
(1169, 41, '2014-03-08', 5, NULL, NULL, NULL, NULL, NULL),
(1170, 41, '2014-03-09', 7, NULL, NULL, NULL, NULL, NULL),
(1171, 41, '2014-03-10', 10, NULL, NULL, NULL, NULL, NULL),
(1172, 41, '2014-03-11', 25, NULL, NULL, NULL, NULL, NULL),
(1173, 41, '2014-03-12', 7, NULL, NULL, NULL, NULL, NULL),
(1174, 41, '2014-03-13', 7, NULL, NULL, NULL, NULL, NULL),
(1175, 41, '2014-03-14', 7, NULL, NULL, NULL, NULL, NULL),
(1176, 41, '2014-03-15', 17, NULL, NULL, NULL, NULL, NULL),
(1177, 41, '2014-03-16', 20, NULL, NULL, NULL, NULL, NULL),
(1178, 41, '2014-03-17', 25, NULL, NULL, NULL, NULL, NULL),
(1179, 41, '2014-03-18', 25, NULL, NULL, NULL, NULL, NULL),
(1180, 41, '2014-03-19', 3, NULL, NULL, NULL, NULL, NULL),
(1181, 41, '2014-03-20', 8, NULL, NULL, NULL, NULL, NULL),
(1182, 41, '2014-03-21', 7, NULL, NULL, NULL, NULL, NULL),
(1183, 41, '2014-03-22', 4, NULL, NULL, NULL, NULL, NULL),
(1184, 41, '2014-03-23', 13, NULL, NULL, NULL, NULL, NULL),
(1185, 41, '2014-03-24', 3, NULL, NULL, NULL, NULL, NULL),
(1186, 41, '2014-03-25', 5, NULL, NULL, NULL, NULL, NULL),
(1187, 41, '2014-03-26', 20, NULL, NULL, NULL, NULL, NULL),
(1188, 41, '2014-03-27', 24, NULL, NULL, NULL, NULL, NULL),
(1189, 41, '2014-03-28', 25, NULL, NULL, NULL, NULL, NULL),
(1190, 41, '2014-03-29', 17, NULL, NULL, NULL, NULL, NULL),
(1191, 41, '2014-03-30', 7, NULL, NULL, NULL, NULL, NULL),
(1192, 42, '2014-03-01', 10, NULL, NULL, NULL, NULL, NULL),
(1193, 42, '2014-03-02', 25, NULL, NULL, NULL, NULL, NULL),
(1194, 42, '2014-03-03', 8, NULL, NULL, NULL, NULL, NULL),
(1195, 42, '2014-03-04', 17, NULL, NULL, NULL, NULL, NULL),
(1196, 42, '2014-03-05', 17, NULL, NULL, NULL, NULL, NULL),
(1197, 42, '2014-03-06', 13, NULL, NULL, NULL, NULL, NULL),
(1198, 42, '2014-03-07', 2, NULL, NULL, NULL, NULL, NULL),
(1199, 42, '2014-03-08', 8, NULL, NULL, NULL, NULL, NULL),
(1200, 42, '2014-03-09', 100, NULL, NULL, NULL, NULL, NULL),
(1201, 42, '2014-03-10', 3, NULL, NULL, NULL, NULL, NULL),
(1202, 42, '2014-03-11', 15, NULL, NULL, NULL, NULL, NULL),
(1203, 42, '2014-03-12', 2, NULL, NULL, NULL, NULL, NULL),
(1204, 42, '2014-03-13', 20, NULL, NULL, NULL, NULL, NULL),
(1205, 42, '2014-03-14', 25, NULL, NULL, NULL, NULL, NULL),
(1206, 42, '2014-03-15', 7, NULL, NULL, NULL, NULL, NULL),
(1207, 42, '2014-03-16', 15, NULL, NULL, NULL, NULL, NULL),
(1208, 42, '2014-03-17', 17, NULL, NULL, NULL, NULL, NULL),
(1209, 42, '2014-03-18', 9, NULL, NULL, NULL, NULL, NULL),
(1210, 42, '2014-03-19', 8, NULL, NULL, NULL, NULL, NULL),
(1211, 42, '2014-03-20', 5, NULL, NULL, NULL, NULL, NULL),
(1212, 42, '2014-03-21', 2, NULL, NULL, NULL, NULL, NULL),
(1213, 42, '2014-03-22', 13, NULL, NULL, NULL, NULL, NULL),
(1214, 42, '2014-03-23', 15, NULL, NULL, NULL, NULL, NULL),
(1215, 42, '2014-03-24', 4, NULL, NULL, NULL, NULL, NULL),
(1216, 42, '2014-03-25', 17, NULL, NULL, NULL, NULL, NULL),
(1217, 42, '2014-03-26', 16, NULL, NULL, NULL, NULL, NULL),
(1218, 42, '2014-03-27', 2, NULL, NULL, NULL, NULL, NULL),
(1219, 42, '2014-03-28', 100, NULL, NULL, NULL, NULL, NULL),
(1220, 42, '2014-03-29', 16, NULL, NULL, NULL, NULL, NULL),
(1221, 42, '2014-03-30', 17, NULL, NULL, NULL, NULL, NULL),
(1222, 43, '2014-03-01', 17, NULL, NULL, NULL, NULL, NULL),
(1223, 43, '2014-03-02', 100, NULL, NULL, NULL, NULL, NULL),
(1224, 43, '2014-03-03', 13, NULL, NULL, NULL, NULL, NULL),
(1225, 43, '2014-03-04', 17, NULL, NULL, NULL, NULL, NULL),
(1226, 43, '2014-03-05', 25, NULL, NULL, NULL, NULL, NULL),
(1227, 43, '2014-03-06', 2, NULL, NULL, NULL, NULL, NULL),
(1228, 43, '2014-03-07', 22, NULL, NULL, NULL, NULL, NULL),
(1229, 43, '2014-03-08', 4, NULL, NULL, NULL, NULL, NULL),
(1230, 43, '2014-03-09', 13, NULL, NULL, NULL, NULL, NULL),
(1231, 43, '2014-03-10', 4, NULL, NULL, NULL, NULL, NULL),
(1232, 43, '2014-03-11', 10, NULL, NULL, NULL, NULL, NULL),
(1233, 43, '2014-03-12', 17, NULL, NULL, NULL, NULL, NULL),
(1234, 43, '2014-03-13', 17, NULL, NULL, NULL, NULL, NULL),
(1235, 43, '2014-03-14', 3, NULL, NULL, NULL, NULL, NULL),
(1236, 43, '2014-03-15', 2, NULL, NULL, NULL, NULL, NULL),
(1237, 43, '2014-03-16', 20, NULL, NULL, NULL, NULL, NULL),
(1238, 43, '2014-03-17', 8, NULL, NULL, NULL, NULL, NULL),
(1239, 43, '2014-03-18', 5, NULL, NULL, NULL, NULL, NULL),
(1240, 43, '2014-03-19', 3, NULL, NULL, NULL, NULL, NULL),
(1241, 43, '2014-03-20', 16, NULL, NULL, NULL, NULL, NULL),
(1242, 43, '2014-03-21', 21, NULL, NULL, NULL, NULL, NULL),
(1243, 43, '2014-03-22', 2, NULL, NULL, NULL, NULL, NULL),
(1244, 43, '2014-03-23', 2, NULL, NULL, NULL, NULL, NULL),
(1245, 43, '2014-03-24', 17, NULL, NULL, NULL, NULL, NULL),
(1246, 43, '2014-03-25', 100, NULL, NULL, NULL, NULL, NULL),
(1247, 43, '2014-03-26', 1, NULL, NULL, NULL, NULL, NULL),
(1248, 43, '2014-03-27', 5, NULL, NULL, NULL, NULL, NULL),
(1249, 43, '2014-03-28', 17, NULL, NULL, NULL, NULL, NULL),
(1250, 43, '2014-03-29', 100, NULL, NULL, NULL, NULL, NULL),
(1251, 43, '2014-03-30', 7, NULL, NULL, NULL, NULL, NULL),
(1252, 44, '2014-03-01', 17, NULL, NULL, NULL, NULL, NULL),
(1253, 44, '2014-03-02', 25, NULL, NULL, NULL, NULL, NULL),
(1254, 44, '2014-03-03', 24, NULL, NULL, NULL, NULL, NULL),
(1255, 44, '2014-03-04', 100, NULL, NULL, NULL, NULL, NULL),
(1256, 44, '2014-03-05', 2, NULL, NULL, NULL, NULL, NULL),
(1257, 44, '2014-03-06', 17, NULL, NULL, NULL, NULL, NULL),
(1258, 44, '2014-03-07', 17, NULL, NULL, NULL, NULL, NULL),
(1259, 44, '2014-03-08', 4, NULL, NULL, NULL, NULL, NULL),
(1260, 44, '2014-03-09', 18, NULL, NULL, NULL, NULL, NULL),
(1261, 44, '2014-03-10', 100, NULL, NULL, NULL, NULL, NULL),
(1262, 44, '2014-03-11', 17, NULL, NULL, NULL, NULL, NULL),
(1263, 44, '2014-03-12', 100, NULL, NULL, NULL, NULL, NULL),
(1264, 44, '2014-03-13', 2, NULL, NULL, NULL, NULL, NULL),
(1265, 44, '2014-03-14', 25, NULL, NULL, NULL, NULL, NULL),
(1266, 44, '2014-03-15', 9, NULL, NULL, NULL, NULL, NULL),
(1267, 44, '2014-03-16', 16, NULL, NULL, NULL, NULL, NULL),
(1268, 44, '2014-03-17', 8, NULL, NULL, NULL, NULL, NULL),
(1269, 44, '2014-03-18', 6, NULL, NULL, NULL, NULL, NULL),
(1270, 44, '2014-03-19', 13, NULL, NULL, NULL, NULL, NULL),
(1271, 44, '2014-03-20', 13, NULL, NULL, NULL, NULL, NULL),
(1272, 44, '2014-03-21', 19, NULL, NULL, NULL, NULL, NULL),
(1273, 44, '2014-03-22', 5, NULL, NULL, NULL, NULL, NULL),
(1274, 44, '2014-03-23', 4, NULL, NULL, NULL, NULL, NULL),
(1275, 44, '2014-03-24', 15, NULL, NULL, NULL, NULL, NULL),
(1276, 44, '2014-03-25', 2, NULL, NULL, NULL, NULL, NULL),
(1277, 44, '2014-03-26', 13, NULL, NULL, NULL, NULL, NULL),
(1278, 44, '2014-03-27', 8, NULL, NULL, NULL, NULL, NULL),
(1279, 44, '2014-03-28', 13, NULL, NULL, NULL, NULL, NULL),
(1280, 44, '2014-03-29', 3, NULL, NULL, NULL, NULL, NULL),
(1281, 44, '2014-03-30', 17, NULL, NULL, NULL, NULL, NULL),
(1282, 45, '2014-03-01', 20, NULL, NULL, NULL, NULL, NULL),
(1283, 45, '2014-03-02', 17, NULL, NULL, NULL, NULL, NULL),
(1284, 45, '2014-03-03', 10, NULL, NULL, NULL, NULL, NULL),
(1285, 45, '2014-03-04', 25, NULL, NULL, NULL, NULL, NULL),
(1286, 45, '2014-03-05', 10, NULL, NULL, NULL, NULL, NULL),
(1287, 45, '2014-03-06', 5, NULL, NULL, NULL, NULL, NULL),
(1288, 45, '2014-03-07', 7, NULL, NULL, NULL, NULL, NULL),
(1289, 45, '2014-03-08', 10, NULL, NULL, NULL, NULL, NULL),
(1290, 45, '2014-03-09', 2, NULL, NULL, NULL, NULL, NULL),
(1291, 45, '2014-03-10', 3, NULL, NULL, NULL, NULL, NULL),
(1292, 45, '2014-03-11', 17, NULL, NULL, NULL, NULL, NULL),
(1293, 45, '2014-03-12', 15, NULL, NULL, NULL, NULL, NULL),
(1294, 45, '2014-03-13', 14, NULL, NULL, NULL, NULL, NULL),
(1295, 45, '2014-03-14', 7, NULL, NULL, NULL, NULL, NULL),
(1296, 45, '2014-03-15', 18, NULL, NULL, NULL, NULL, NULL),
(1297, 45, '2014-03-16', 20, NULL, NULL, NULL, NULL, NULL),
(1298, 45, '2014-03-17', 1, NULL, NULL, NULL, NULL, NULL),
(1299, 45, '2014-03-18', 13, NULL, NULL, NULL, NULL, NULL),
(1300, 45, '2014-03-19', 13, NULL, NULL, NULL, NULL, NULL),
(1301, 45, '2014-03-20', 17, NULL, NULL, NULL, NULL, NULL),
(1302, 45, '2014-03-21', 100, NULL, NULL, NULL, NULL, NULL),
(1303, 45, '2014-03-22', 4, NULL, NULL, NULL, NULL, NULL),
(1304, 45, '2014-03-23', 2, NULL, NULL, NULL, NULL, NULL),
(1305, 45, '2014-03-24', 17, NULL, NULL, NULL, NULL, NULL),
(1306, 45, '2014-03-25', 13, NULL, NULL, NULL, NULL, NULL),
(1307, 45, '2014-03-26', 7, NULL, NULL, NULL, NULL, NULL),
(1308, 45, '2014-03-27', 20, NULL, NULL, NULL, NULL, NULL),
(1309, 45, '2014-03-28', 20, NULL, NULL, NULL, NULL, NULL),
(1310, 45, '2014-03-29', 17, NULL, NULL, NULL, NULL, NULL),
(1311, 45, '2014-03-30', 23, NULL, NULL, NULL, NULL, NULL),
(1312, 46, '2014-03-01', 2, NULL, NULL, NULL, NULL, NULL),
(1313, 46, '2014-03-02', 17, NULL, NULL, NULL, NULL, NULL),
(1314, 46, '2014-03-03', 17, NULL, NULL, NULL, NULL, NULL),
(1315, 46, '2014-03-04', 24, NULL, NULL, NULL, NULL, NULL),
(1316, 46, '2014-03-05', 5, NULL, NULL, NULL, NULL, NULL),
(1317, 46, '2014-03-06', 16, NULL, NULL, NULL, NULL, NULL),
(1318, 46, '2014-03-07', 25, NULL, NULL, NULL, NULL, NULL),
(1319, 46, '2014-03-08', 5, NULL, NULL, NULL, NULL, NULL),
(1320, 46, '2014-03-09', 21, NULL, NULL, NULL, NULL, NULL),
(1321, 46, '2014-03-10', 4, NULL, NULL, NULL, NULL, NULL),
(1322, 46, '2014-03-11', 4, NULL, NULL, NULL, NULL, NULL),
(1323, 46, '2014-03-12', 7, NULL, NULL, NULL, NULL, NULL),
(1324, 46, '2014-03-13', 100, NULL, NULL, NULL, NULL, NULL),
(1325, 46, '2014-03-14', 13, NULL, NULL, NULL, NULL, NULL),
(1326, 46, '2014-03-15', 4, NULL, NULL, NULL, NULL, NULL),
(1327, 46, '2014-03-16', 4, NULL, NULL, NULL, NULL, NULL),
(1328, 46, '2014-03-17', 9, NULL, NULL, NULL, NULL, NULL),
(1329, 46, '2014-03-18', 10, NULL, NULL, NULL, NULL, NULL),
(1330, 46, '2014-03-19', 4, NULL, NULL, NULL, NULL, NULL),
(1331, 46, '2014-03-20', 17, NULL, NULL, NULL, NULL, NULL),
(1332, 46, '2014-03-21', 15, NULL, NULL, NULL, NULL, NULL),
(1333, 46, '2014-03-22', 13, NULL, NULL, NULL, NULL, NULL),
(1334, 46, '2014-03-23', 1, NULL, NULL, NULL, NULL, NULL),
(1335, 46, '2014-03-24', 13, NULL, NULL, NULL, NULL, NULL),
(1336, 46, '2014-03-25', 7, NULL, NULL, NULL, NULL, NULL),
(1337, 46, '2014-03-26', 17, NULL, NULL, NULL, NULL, NULL),
(1338, 46, '2014-03-27', 16, NULL, NULL, NULL, NULL, NULL),
(1339, 46, '2014-03-28', 100, NULL, NULL, NULL, NULL, NULL),
(1340, 46, '2014-03-29', 17, NULL, NULL, NULL, NULL, NULL),
(1341, 46, '2014-03-30', 2, NULL, NULL, NULL, NULL, NULL),
(1342, 47, '2014-03-01', 5, NULL, NULL, NULL, NULL, NULL),
(1343, 47, '2014-03-02', 5, NULL, NULL, NULL, NULL, NULL),
(1344, 47, '2014-03-03', 17, NULL, NULL, NULL, NULL, NULL),
(1345, 47, '2014-03-04', 100, NULL, NULL, NULL, NULL, NULL),
(1346, 47, '2014-03-05', 2, NULL, NULL, NULL, NULL, NULL),
(1347, 47, '2014-03-06', 3, NULL, NULL, NULL, NULL, NULL),
(1348, 47, '2014-03-07', 15, NULL, NULL, NULL, NULL, NULL),
(1349, 47, '2014-03-08', 11, NULL, NULL, NULL, NULL, NULL),
(1350, 47, '2014-03-09', 17, NULL, NULL, NULL, NULL, NULL),
(1351, 47, '2014-03-10', 11, NULL, NULL, NULL, NULL, NULL),
(1352, 47, '2014-03-11', 17, NULL, NULL, NULL, NULL, NULL),
(1353, 47, '2014-03-12', 17, NULL, NULL, NULL, NULL, NULL),
(1354, 47, '2014-03-13', 9, NULL, NULL, NULL, NULL, NULL),
(1355, 47, '2014-03-14', 100, NULL, NULL, NULL, NULL, NULL),
(1356, 47, '2014-03-15', 100, NULL, NULL, NULL, NULL, NULL),
(1357, 47, '2014-03-16', 10, NULL, NULL, NULL, NULL, NULL),
(1358, 47, '2014-03-17', 17, NULL, NULL, NULL, NULL, NULL),
(1359, 47, '2014-03-18', 2, NULL, NULL, NULL, NULL, NULL),
(1360, 47, '2014-03-19', 25, NULL, NULL, NULL, NULL, NULL),
(1361, 47, '2014-03-20', 2, NULL, NULL, NULL, NULL, NULL),
(1362, 47, '2014-03-21', 23, NULL, NULL, NULL, NULL, NULL),
(1363, 47, '2014-03-22', 6, NULL, NULL, NULL, NULL, NULL),
(1364, 47, '2014-03-23', 17, NULL, NULL, NULL, NULL, NULL),
(1365, 47, '2014-03-24', 7, NULL, NULL, NULL, NULL, NULL),
(1366, 47, '2014-03-25', 15, NULL, NULL, NULL, NULL, NULL),
(1367, 47, '2014-03-26', 25, NULL, NULL, NULL, NULL, NULL),
(1368, 47, '2014-03-27', 5, NULL, NULL, NULL, NULL, NULL),
(1369, 47, '2014-03-28', 25, NULL, NULL, NULL, NULL, NULL),
(1370, 47, '2014-03-29', 2, NULL, NULL, NULL, NULL, NULL),
(1371, 47, '2014-03-30', 3, NULL, NULL, NULL, NULL, NULL),
(1372, 48, '2014-03-01', 5, NULL, NULL, NULL, NULL, NULL),
(1373, 48, '2014-03-02', 3, NULL, NULL, NULL, NULL, NULL),
(1374, 48, '2014-03-03', 3, NULL, NULL, NULL, NULL, NULL),
(1375, 48, '2014-03-04', 20, NULL, NULL, NULL, NULL, NULL),
(1376, 48, '2014-03-05', 7, NULL, NULL, NULL, NULL, NULL),
(1377, 48, '2014-03-06', 19, NULL, NULL, NULL, NULL, NULL),
(1378, 48, '2014-03-07', 3, NULL, NULL, NULL, NULL, NULL),
(1379, 48, '2014-03-08', 7, NULL, NULL, NULL, NULL, NULL),
(1380, 48, '2014-03-09', 12, NULL, NULL, NULL, NULL, NULL),
(1381, 48, '2014-03-10', 9, NULL, NULL, NULL, NULL, NULL),
(1382, 48, '2014-03-11', 2, NULL, NULL, NULL, NULL, NULL),
(1383, 48, '2014-03-12', 20, NULL, NULL, NULL, NULL, NULL),
(1384, 48, '2014-03-13', 100, NULL, NULL, NULL, NULL, NULL),
(1385, 48, '2014-03-14', 17, NULL, NULL, NULL, NULL, NULL),
(1386, 48, '2014-03-15', 22, NULL, NULL, NULL, NULL, NULL),
(1387, 48, '2014-03-16', 6, NULL, NULL, NULL, NULL, NULL),
(1388, 48, '2014-03-17', 13, NULL, NULL, NULL, NULL, NULL),
(1389, 48, '2014-03-18', 16, NULL, NULL, NULL, NULL, NULL),
(1390, 48, '2014-03-19', 2, NULL, NULL, NULL, NULL, NULL),
(1391, 48, '2014-03-20', 2, NULL, NULL, NULL, NULL, NULL),
(1392, 48, '2014-03-21', 10, NULL, NULL, NULL, NULL, NULL),
(1393, 48, '2014-03-22', 1, NULL, NULL, NULL, NULL, NULL),
(1394, 48, '2014-03-23', 4, NULL, NULL, NULL, NULL, NULL),
(1395, 48, '2014-03-24', 17, NULL, NULL, NULL, NULL, NULL),
(1396, 48, '2014-03-25', 4, NULL, NULL, NULL, NULL, NULL),
(1397, 48, '2014-03-26', 8, NULL, NULL, NULL, NULL, NULL),
(1398, 48, '2014-03-27', 100, NULL, NULL, NULL, NULL, NULL),
(1399, 48, '2014-03-28', 20, NULL, NULL, NULL, NULL, NULL),
(1400, 48, '2014-03-29', 13, NULL, NULL, NULL, NULL, NULL),
(1401, 48, '2014-03-30', 25, NULL, NULL, NULL, NULL, NULL),
(1402, 49, '2014-03-01', 17, NULL, NULL, NULL, NULL, NULL),
(1403, 49, '2014-03-02', 25, NULL, NULL, NULL, NULL, NULL),
(1404, 49, '2014-03-03', 13, NULL, NULL, NULL, NULL, NULL),
(1405, 49, '2014-03-04', 17, NULL, NULL, NULL, NULL, NULL),
(1406, 49, '2014-03-05', 13, NULL, NULL, NULL, NULL, NULL),
(1407, 49, '2014-03-06', 4, NULL, NULL, NULL, NULL, NULL),
(1408, 49, '2014-03-07', 1, NULL, NULL, NULL, NULL, NULL),
(1409, 49, '2014-03-08', 2, NULL, NULL, NULL, NULL, NULL),
(1410, 49, '2014-03-09', 2, NULL, NULL, NULL, NULL, NULL),
(1411, 49, '2014-03-10', 10, NULL, NULL, NULL, NULL, NULL),
(1412, 49, '2014-03-11', 10, NULL, NULL, NULL, NULL, NULL),
(1413, 49, '2014-03-12', 17, NULL, NULL, NULL, NULL, NULL),
(1414, 49, '2014-03-13', 10, NULL, NULL, NULL, NULL, NULL),
(1415, 49, '2014-03-14', 16, NULL, NULL, NULL, NULL, NULL),
(1416, 49, '2014-03-15', 17, NULL, NULL, NULL, NULL, NULL),
(1417, 49, '2014-03-16', 17, NULL, NULL, NULL, NULL, NULL),
(1418, 49, '2014-03-17', 20, NULL, NULL, NULL, NULL, NULL),
(1419, 49, '2014-03-18', 23, NULL, NULL, NULL, NULL, NULL),
(1420, 49, '2014-03-19', 10, NULL, NULL, NULL, NULL, NULL),
(1421, 49, '2014-03-20', 20, NULL, NULL, NULL, NULL, NULL),
(1422, 49, '2014-03-21', 2, NULL, NULL, NULL, NULL, NULL),
(1423, 49, '2014-03-22', 3, NULL, NULL, NULL, NULL, NULL),
(1424, 49, '2014-03-23', 5, NULL, NULL, NULL, NULL, NULL),
(1425, 49, '2014-03-24', 4, NULL, NULL, NULL, NULL, NULL),
(1426, 49, '2014-03-25', 22, NULL, NULL, NULL, NULL, NULL),
(1427, 49, '2014-03-26', 17, NULL, NULL, NULL, NULL, NULL),
(1428, 49, '2014-03-27', 17, NULL, NULL, NULL, NULL, NULL),
(1429, 49, '2014-03-28', 100, NULL, NULL, NULL, NULL, NULL),
(1430, 49, '2014-03-29', 20, NULL, NULL, NULL, NULL, NULL),
(1431, 49, '2014-03-30', 3, NULL, NULL, NULL, NULL, NULL),
(1432, 50, '2014-03-01', 14, NULL, NULL, NULL, NULL, NULL),
(1433, 50, '2014-03-02', 19, NULL, NULL, NULL, NULL, NULL),
(1434, 50, '2014-03-03', 10, NULL, NULL, NULL, NULL, NULL),
(1435, 50, '2014-03-04', 13, NULL, NULL, NULL, NULL, NULL),
(1436, 50, '2014-03-05', 1, NULL, NULL, NULL, NULL, NULL),
(1437, 50, '2014-03-06', 25, NULL, NULL, NULL, NULL, NULL),
(1438, 50, '2014-03-07', 3, NULL, NULL, NULL, NULL, NULL),
(1439, 50, '2014-03-08', 20, NULL, NULL, NULL, NULL, NULL),
(1440, 50, '2014-03-09', 100, NULL, NULL, NULL, NULL, NULL),
(1441, 50, '2014-03-10', 4, NULL, NULL, NULL, NULL, NULL),
(1442, 50, '2014-03-11', 25, NULL, NULL, NULL, NULL, NULL),
(1443, 50, '2014-03-12', 7, NULL, NULL, NULL, NULL, NULL),
(1444, 50, '2014-03-13', 25, NULL, NULL, NULL, NULL, NULL),
(1445, 50, '2014-03-14', 25, NULL, NULL, NULL, NULL, NULL),
(1446, 50, '2014-03-15', 1, NULL, NULL, NULL, NULL, NULL),
(1447, 50, '2014-03-16', 10, NULL, NULL, NULL, NULL, NULL),
(1448, 50, '2014-03-17', 10, NULL, NULL, NULL, NULL, NULL),
(1449, 50, '2014-03-18', 8, NULL, NULL, NULL, NULL, NULL),
(1450, 50, '2014-03-19', 7, NULL, NULL, NULL, NULL, NULL),
(1451, 50, '2014-03-20', 15, NULL, NULL, NULL, NULL, NULL),
(1452, 50, '2014-03-21', 2, NULL, NULL, NULL, NULL, NULL),
(1453, 50, '2014-03-22', 10, NULL, NULL, NULL, NULL, NULL),
(1454, 50, '2014-03-23', 20, NULL, NULL, NULL, NULL, NULL),
(1455, 50, '2014-03-24', 5, NULL, NULL, NULL, NULL, NULL),
(1456, 50, '2014-03-25', 14, NULL, NULL, NULL, NULL, NULL),
(1457, 50, '2014-03-26', 17, NULL, NULL, NULL, NULL, NULL),
(1458, 50, '2014-03-27', 7, NULL, NULL, NULL, NULL, NULL),
(1459, 50, '2014-03-28', 15, NULL, NULL, NULL, NULL, NULL),
(1460, 50, '2014-03-29', 7, NULL, NULL, NULL, NULL, NULL),
(1461, 50, '2014-03-30', 4, NULL, NULL, NULL, NULL, NULL),
(1468, 1, '2014-05-06', 100, NULL, NULL, NULL, NULL, NULL),
(1469, 1, '2014-05-07', 4, '', NULL, NULL, NULL, NULL),
(1471, 1, '2014-02-09', 1, '1', NULL, NULL, NULL, NULL),
(1472, 0, '2014-03-09', 3, '', NULL, NULL, NULL, NULL),
(1473, 0, '2014-05-09', 13, '', NULL, NULL, NULL, NULL),
(1474, 0, '2014-01-09', 1, '', NULL, NULL, NULL, NULL),
(1475, 0, '2014-05-10', 100, NULL, NULL, NULL, NULL, NULL);

--
-- Dumping data for table `cause`
--

INSERT INTO `cause` (`id`, `d_id`, `cause_cat`, `comments`) VALUES
(2, 22, 7, NULL),
(3, 23, 11, NULL),
(4, 24, 7, NULL),
(5, 25, 12, NULL),
(6, 26, 7, NULL),
(7, 27, 8, NULL),
(8, 28, 9, NULL),
(9, 29, 11, NULL),
(10, 30, 11, NULL),
(11, 31, 12, NULL),
(12, 32, 9, NULL),
(13, 33, 6, NULL),
(14, 34, 10, NULL),
(15, 35, 7, NULL),
(16, 36, 8, NULL),
(17, 37, 11, NULL),
(18, 38, 11, NULL),
(19, 39, 12, NULL),
(20, 40, 12, NULL),
(21, 41, 12, NULL),
(22, 42, 9, NULL),
(23, 43, 8, NULL),
(24, 44, 6, NULL),
(25, 45, 6, NULL),
(26, 46, 8, NULL),
(27, 47, 12, NULL),
(28, 48, 6, NULL),
(29, 49, 8, NULL),
(30, 50, 8, NULL),
(31, 51, 7, NULL),
(32, 52, 11, NULL),
(33, 53, 9, NULL),
(34, 54, 12, NULL),
(35, 55, 12, NULL),
(36, 56, 9, NULL),
(37, 57, 7, NULL),
(38, 58, 7, NULL),
(39, 59, 6, NULL),
(40, 60, 12, NULL),
(41, 61, 12, NULL),
(42, 62, 6, NULL),
(43, 63, 8, NULL),
(44, 64, 6, NULL),
(45, 65, 10, NULL),
(46, 66, 10, NULL),
(47, 67, 8, NULL),
(48, 68, 8, NULL),
(49, 69, 8, NULL),
(50, 70, 7, NULL),
(51, 71, 8, NULL),
(52, 72, 7, NULL),
(53, 73, 11, NULL),
(54, 74, 10, NULL),
(55, 75, 7, NULL),
(56, 76, 11, NULL),
(57, 77, 12, NULL),
(58, 78, 7, NULL),
(59, 79, 12, NULL),
(60, 80, 7, NULL),
(61, 81, 9, NULL),
(62, 82, 6, NULL),
(63, 83, 6, NULL),
(64, 84, 6, NULL),
(65, 85, 6, NULL),
(66, 86, 12, NULL),
(67, 87, 9, NULL),
(68, 88, 8, NULL),
(69, 89, 7, NULL),
(70, 90, 10, NULL),
(71, 91, 7, NULL),
(72, 92, 7, NULL),
(73, 93, 10, NULL),
(74, 94, 10, NULL),
(75, 95, 7, NULL),
(76, 96, 7, NULL),
(77, 97, 7, NULL),
(78, 98, 10, NULL),
(79, 99, 9, NULL),
(80, 100, 9, NULL),
(81, 101, 12, NULL),
(82, 102, 11, NULL),
(83, 103, 11, NULL),
(84, 104, 10, NULL),
(85, 105, 9, NULL),
(86, 106, 12, NULL),
(87, 107, 9, NULL),
(88, 108, 9, NULL),
(89, 109, 7, NULL),
(90, 110, 8, NULL),
(91, 111, 11, NULL),
(92, 112, 10, NULL),
(93, 113, 9, NULL),
(94, 114, 11, NULL),
(95, 115, 11, NULL),
(96, 116, 10, NULL),
(97, 117, 11, NULL),
(98, 118, 8, NULL),
(99, 119, 12, NULL),
(100, 120, 12, NULL),
(101, 121, 12, NULL),
(102, 122, 7, NULL),
(103, 123, 6, NULL),
(104, 124, 9, NULL),
(105, 125, 11, NULL),
(106, 126, 8, NULL),
(107, 127, 11, NULL),
(108, 128, 12, NULL),
(109, 129, 6, NULL),
(110, 130, 8, NULL),
(111, 131, 9, NULL),
(112, 132, 12, NULL),
(113, 133, 6, NULL),
(114, 134, 7, NULL),
(115, 135, 10, NULL),
(116, 136, 10, NULL),
(117, 137, 7, NULL),
(118, 138, 7, NULL),
(119, 139, 6, NULL),
(120, 140, 8, NULL),
(121, 141, 10, NULL),
(122, 142, 12, NULL),
(123, 143, 6, NULL),
(124, 144, 7, NULL),
(125, 145, 10, NULL),
(126, 146, 11, NULL),
(127, 147, 11, NULL),
(128, 148, 8, NULL),
(129, 149, 6, NULL),
(130, 150, 11, NULL),
(131, 151, 8, NULL),
(132, 152, 12, NULL),
(133, 153, 12, NULL),
(134, 154, 8, NULL),
(135, 155, 9, NULL),
(136, 156, 11, NULL),
(137, 157, 11, NULL),
(138, 158, 7, NULL),
(139, 159, 11, NULL),
(140, 160, 11, NULL),
(141, 161, 9, NULL),
(142, 162, 7, NULL),
(143, 163, 11, NULL),
(144, 164, 10, NULL),
(145, 165, 8, NULL),
(146, 166, 9, NULL),
(147, 167, 8, NULL),
(148, 168, 9, NULL),
(149, 169, 11, NULL),
(150, 170, 8, NULL),
(151, 171, 12, NULL),
(152, 172, 8, NULL),
(153, 173, 8, NULL),
(154, 174, 12, NULL),
(155, 175, 9, NULL),
(156, 176, 12, NULL),
(157, 177, 10, NULL),
(158, 178, 8, NULL),
(159, 179, 8, NULL),
(160, 180, 11, NULL),
(161, 181, 6, NULL),
(162, 182, 10, NULL),
(163, 183, 11, NULL),
(164, 184, 6, NULL),
(165, 185, 6, NULL),
(166, 186, 7, NULL),
(167, 187, 11, NULL),
(168, 188, 12, NULL),
(169, 189, 9, NULL),
(170, 190, 9, NULL),
(171, 191, 10, NULL),
(172, 192, 6, NULL),
(173, 193, 10, NULL),
(174, 194, 9, NULL),
(175, 195, 10, NULL),
(176, 196, 6, NULL),
(177, 197, 6, NULL),
(178, 198, 6, NULL),
(179, 199, 10, NULL),
(180, 200, 11, NULL),
(181, 201, 8, NULL),
(182, 202, 9, NULL),
(183, 203, 6, NULL),
(184, 204, 11, NULL),
(185, 205, 9, NULL),
(186, 206, 10, NULL),
(187, 207, 10, NULL),
(188, 208, 7, NULL),
(189, 209, 12, NULL),
(190, 210, 6, NULL),
(191, 211, 12, NULL),
(192, 212, 6, NULL),
(193, 213, 11, NULL),
(194, 214, 10, NULL),
(195, 215, 6, NULL),
(196, 216, 12, NULL),
(197, 217, 12, NULL),
(198, 218, 12, NULL),
(199, 219, 11, NULL),
(200, 220, 8, NULL),
(201, 221, 8, NULL),
(202, 222, 9, NULL),
(203, 223, 9, NULL),
(204, 224, 6, NULL),
(205, 225, 6, NULL),
(206, 226, 7, NULL),
(207, 227, 7, NULL),
(208, 228, 6, NULL),
(209, 229, 7, NULL),
(210, 230, 11, NULL),
(211, 231, 11, NULL),
(212, 232, 10, NULL),
(213, 233, 8, NULL),
(214, 234, 12, NULL),
(215, 235, 8, NULL),
(216, 236, 11, NULL),
(217, 237, 9, NULL),
(218, 238, 6, NULL),
(219, 239, 12, NULL),
(220, 240, 9, NULL),
(221, 241, 6, NULL),
(222, 242, 12, NULL),
(223, 243, 10, NULL),
(224, 244, 12, NULL),
(225, 245, 9, NULL),
(226, 246, 11, NULL),
(227, 247, 11, NULL),
(228, 248, 9, NULL),
(229, 249, 11, NULL),
(230, 250, 10, NULL),
(231, 251, 12, NULL),
(232, 252, 7, NULL),
(233, 253, 7, NULL),
(234, 254, 8, NULL),
(235, 255, 7, NULL),
(236, 256, 7, NULL),
(237, 257, 9, NULL),
(238, 258, 9, NULL),
(239, 259, 7, NULL),
(240, 260, 10, NULL),
(241, 261, 7, NULL),
(242, 262, 6, NULL),
(243, 263, 7, NULL),
(244, 264, 10, NULL),
(245, 265, 12, NULL),
(246, 266, 9, NULL),
(247, 267, 9, NULL),
(248, 268, 9, NULL),
(249, 269, 9, NULL),
(250, 270, 8, NULL),
(251, 271, 6, NULL),
(252, 272, 10, NULL),
(253, 273, 8, NULL),
(254, 274, 11, NULL),
(255, 275, 9, NULL),
(256, 276, 11, NULL),
(257, 277, 10, NULL),
(258, 278, 8, NULL),
(259, 279, 8, NULL),
(260, 280, 8, NULL),
(261, 281, 12, NULL),
(262, 282, 7, NULL),
(263, 283, 9, NULL),
(264, 284, 6, NULL),
(265, 285, 9, NULL),
(266, 286, 11, NULL),
(267, 287, 7, NULL),
(268, 288, 6, NULL),
(269, 289, 7, NULL),
(270, 290, 9, NULL),
(271, 291, 10, NULL),
(272, 292, 9, NULL),
(273, 293, 10, NULL),
(274, 294, 12, NULL),
(275, 295, 6, NULL),
(276, 296, 10, NULL),
(277, 297, 9, NULL),
(278, 298, 10, NULL),
(279, 299, 7, NULL),
(280, 300, 12, NULL),
(281, 301, 6, NULL),
(282, 302, 8, NULL),
(283, 303, 10, NULL),
(284, 304, 8, NULL),
(285, 305, 6, NULL),
(286, 306, 6, NULL),
(287, 307, 7, NULL),
(288, 308, 10, NULL),
(289, 309, 8, NULL),
(290, 310, 9, NULL),
(291, 311, 12, NULL),
(292, 312, 8, NULL),
(293, 313, 10, NULL),
(294, 314, 9, NULL),
(295, 315, 8, NULL),
(296, 316, 7, NULL),
(297, 317, 7, NULL),
(298, 318, 10, NULL),
(299, 319, 7, NULL),
(300, 320, 8, NULL),
(301, 321, 7, NULL),
(302, 322, 11, NULL),
(303, 323, 12, NULL),
(304, 324, 11, NULL),
(305, 325, 11, NULL),
(306, 326, 12, NULL),
(307, 327, 9, NULL),
(308, 328, 7, NULL),
(309, 329, 9, NULL),
(310, 330, 10, NULL),
(311, 331, 6, NULL),
(312, 332, 9, NULL),
(313, 333, 12, NULL),
(314, 334, 11, NULL),
(315, 335, 12, NULL),
(316, 336, 6, NULL),
(317, 337, 11, NULL),
(318, 338, 6, NULL),
(319, 339, 10, NULL),
(320, 340, 7, NULL),
(321, 341, 9, NULL),
(322, 342, 10, NULL),
(323, 343, 9, NULL),
(324, 344, 7, NULL),
(325, 345, 7, NULL),
(326, 346, 11, NULL),
(327, 347, 8, NULL),
(328, 348, 8, NULL),
(329, 349, 9, NULL),
(330, 350, 9, NULL),
(331, 351, 11, NULL),
(332, 352, 10, NULL),
(333, 353, 8, NULL),
(334, 354, 10, NULL),
(335, 355, 9, NULL),
(336, 356, 6, NULL),
(337, 357, 10, NULL),
(338, 358, 12, NULL),
(339, 359, 7, NULL),
(340, 360, 7, NULL),
(341, 361, 9, NULL),
(342, 362, 8, NULL),
(343, 363, 10, NULL),
(344, 364, 9, NULL),
(345, 365, 6, NULL),
(346, 366, 10, NULL),
(347, 367, 9, NULL),
(348, 368, 12, NULL),
(349, 369, 10, NULL),
(350, 370, 7, NULL),
(351, 371, 6, NULL),
(352, 372, 6, NULL),
(353, 373, 12, NULL),
(354, 374, 9, NULL),
(355, 375, 7, NULL),
(356, 376, 6, NULL),
(357, 377, 8, NULL),
(358, 378, 10, NULL),
(359, 379, 8, NULL),
(360, 380, 12, NULL),
(361, 381, 6, NULL),
(362, 382, 7, NULL),
(363, 383, 9, NULL),
(364, 384, 9, NULL),
(365, 385, 11, NULL),
(366, 386, 6, NULL),
(367, 387, 10, NULL),
(368, 388, 8, NULL),
(369, 389, 12, NULL),
(370, 390, 11, NULL),
(371, 391, 9, NULL),
(372, 392, 9, NULL),
(373, 393, 7, NULL),
(374, 394, 7, NULL),
(375, 395, 12, NULL),
(376, 396, 7, NULL),
(377, 397, 11, NULL),
(378, 398, 9, NULL),
(379, 399, 7, NULL),
(380, 400, 8, NULL),
(381, 401, 10, NULL),
(382, 402, 7, NULL),
(383, 403, 9, NULL),
(384, 404, 9, NULL),
(385, 405, 11, NULL),
(386, 406, 11, NULL),
(387, 407, 10, NULL),
(388, 408, 7, NULL),
(389, 409, 8, NULL),
(390, 410, 12, NULL),
(391, 411, 6, NULL),
(392, 412, 9, NULL),
(393, 413, 6, NULL),
(394, 414, 10, NULL),
(395, 415, 6, NULL),
(396, 416, 12, NULL),
(397, 417, 10, NULL),
(398, 418, 10, NULL),
(399, 419, 7, NULL),
(400, 420, 9, NULL),
(401, 421, 9, NULL),
(402, 422, 11, NULL),
(403, 423, 6, NULL),
(404, 424, 10, NULL),
(405, 425, 12, NULL),
(406, 426, 6, NULL),
(407, 427, 12, NULL),
(408, 428, 11, NULL),
(409, 429, 9, NULL),
(410, 430, 6, NULL),
(411, 431, 7, NULL),
(412, 432, 7, NULL),
(413, 433, 8, NULL),
(414, 434, 10, NULL),
(415, 435, 10, NULL),
(416, 436, 6, NULL),
(417, 437, 9, NULL),
(418, 438, 8, NULL),
(419, 439, 7, NULL),
(420, 440, 11, NULL),
(421, 441, 8, NULL),
(422, 442, 7, NULL),
(423, 443, 8, NULL),
(424, 444, 8, NULL),
(425, 445, 11, NULL),
(426, 446, 8, NULL),
(427, 447, 8, NULL),
(428, 448, 9, NULL),
(429, 449, 6, NULL),
(430, 450, 10, NULL),
(431, 451, 6, NULL),
(432, 452, 9, NULL),
(433, 453, 8, NULL),
(434, 454, 6, NULL),
(435, 455, 6, NULL),
(436, 456, 8, NULL),
(437, 457, 7, NULL),
(438, 458, 6, NULL),
(439, 459, 6, NULL),
(440, 460, 10, NULL),
(441, 461, 6, NULL),
(442, 462, 8, NULL),
(443, 463, 11, NULL),
(444, 464, 8, NULL),
(445, 465, 12, NULL),
(446, 466, 9, NULL),
(447, 467, 9, NULL),
(448, 468, 8, NULL),
(449, 469, 11, NULL),
(450, 470, 11, NULL),
(451, 471, 7, NULL),
(452, 472, 6, NULL),
(453, 473, 6, NULL),
(454, 474, 10, NULL),
(455, 475, 9, NULL),
(456, 476, 12, NULL),
(457, 477, 6, NULL),
(458, 478, 12, NULL),
(459, 479, 8, NULL),
(460, 480, 6, NULL),
(461, 481, 9, NULL),
(462, 482, 8, NULL),
(463, 483, 9, NULL),
(464, 484, 11, NULL),
(465, 485, 9, NULL),
(466, 486, 10, NULL),
(467, 487, 7, NULL),
(468, 488, 10, NULL),
(469, 489, 10, NULL),
(470, 490, 8, NULL),
(471, 491, 7, NULL),
(472, 492, 10, NULL),
(473, 493, 10, NULL),
(474, 494, 6, NULL),
(475, 495, 6, NULL),
(476, 496, 10, NULL),
(477, 497, 10, NULL),
(478, 498, 10, NULL),
(479, 499, 6, NULL),
(480, 500, 9, NULL),
(481, 501, 8, NULL),
(482, 502, 7, NULL),
(483, 503, 10, NULL),
(484, 504, 8, NULL),
(485, 505, 12, NULL),
(486, 506, 6, NULL),
(487, 507, 7, NULL),
(488, 508, 12, NULL),
(489, 509, 6, NULL),
(490, 510, 9, NULL),
(491, 511, 12, NULL),
(492, 512, 9, NULL),
(493, 513, 12, NULL),
(494, 514, 8, NULL),
(495, 515, 8, NULL),
(496, 516, 8, NULL),
(497, 517, 12, NULL),
(498, 518, 9, NULL),
(499, 519, 12, NULL),
(500, 520, 10, NULL),
(501, 521, 11, NULL),
(502, 522, 7, NULL),
(503, 523, 8, NULL),
(504, 524, 8, NULL),
(505, 525, 7, NULL),
(506, 526, 9, NULL),
(507, 527, 12, NULL),
(508, 528, 12, NULL),
(509, 529, 6, NULL),
(510, 530, 12, NULL),
(511, 531, 8, NULL),
(512, 532, 8, NULL),
(513, 533, 7, NULL),
(514, 534, 12, NULL),
(515, 535, 10, NULL),
(516, 536, 7, NULL),
(517, 537, 6, NULL),
(518, 538, 12, NULL),
(519, 539, 6, NULL),
(520, 540, 6, NULL),
(521, 541, 8, NULL),
(522, 542, 12, NULL),
(523, 543, 9, NULL),
(524, 544, 7, NULL),
(525, 545, 8, NULL),
(526, 546, 11, NULL),
(527, 547, 10, NULL),
(528, 548, 8, NULL),
(529, 549, 8, NULL),
(530, 550, 9, NULL),
(531, 551, 6, NULL),
(532, 552, 6, NULL),
(533, 553, 10, NULL),
(534, 554, 8, NULL),
(535, 555, 9, NULL),
(536, 556, 12, NULL),
(537, 557, 11, NULL),
(538, 558, 9, NULL),
(539, 559, 11, NULL),
(540, 560, 11, NULL),
(541, 561, 9, NULL),
(542, 562, 6, NULL),
(543, 563, 7, NULL),
(544, 564, 11, NULL),
(545, 565, 6, NULL),
(546, 566, 12, NULL),
(547, 567, 12, NULL),
(548, 568, 6, NULL),
(549, 569, 11, NULL),
(550, 570, 12, NULL),
(551, 571, 6, NULL),
(552, 572, 7, NULL),
(553, 573, 12, NULL),
(554, 574, 10, NULL),
(555, 575, 9, NULL),
(556, 576, 8, NULL),
(557, 577, 9, NULL),
(558, 578, 6, NULL),
(559, 579, 11, NULL),
(560, 580, 11, NULL),
(561, 581, 9, NULL),
(562, 582, 11, NULL),
(563, 583, 12, NULL),
(564, 584, 7, NULL),
(565, 585, 6, NULL),
(566, 586, 8, NULL),
(567, 587, 6, NULL),
(568, 588, 12, NULL),
(569, 589, 12, NULL),
(570, 590, 12, NULL),
(571, 591, 10, NULL),
(572, 592, 8, NULL),
(573, 593, 12, NULL),
(574, 594, 11, NULL),
(575, 595, 7, NULL),
(576, 596, 12, NULL),
(577, 597, 10, NULL),
(578, 598, 6, NULL),
(579, 599, 6, NULL),
(580, 600, 9, NULL),
(581, 601, 6, NULL),
(582, 602, 6, NULL),
(583, 603, 10, NULL),
(584, 604, 6, NULL),
(585, 605, 10, NULL),
(586, 606, 6, NULL),
(587, 607, 9, NULL),
(588, 608, 6, NULL),
(589, 609, 7, NULL),
(590, 610, 7, NULL),
(591, 611, 12, NULL),
(592, 612, 11, NULL),
(593, 613, 6, NULL),
(594, 614, 11, NULL),
(595, 615, 12, NULL),
(596, 616, 7, NULL),
(597, 617, 7, NULL),
(598, 618, 12, NULL),
(599, 619, 6, NULL),
(600, 620, 6, NULL),
(601, 621, 11, NULL),
(602, 622, 11, NULL),
(603, 623, 8, NULL),
(604, 624, 11, NULL),
(605, 625, 10, NULL),
(606, 626, 10, NULL),
(607, 627, 11, NULL),
(608, 628, 8, NULL),
(609, 629, 10, NULL),
(610, 630, 11, NULL),
(611, 631, 11, NULL),
(612, 632, 11, NULL),
(613, 633, 12, NULL),
(614, 634, 9, NULL),
(615, 635, 11, NULL),
(616, 636, 10, NULL),
(617, 637, 9, NULL),
(618, 638, 8, NULL),
(619, 639, 11, NULL),
(620, 640, 11, NULL),
(621, 641, 10, NULL),
(622, 642, 10, NULL),
(623, 643, 9, NULL),
(624, 644, 10, NULL),
(625, 645, 8, NULL),
(626, 646, 8, NULL),
(627, 647, 11, NULL),
(628, 648, 9, NULL),
(629, 649, 8, NULL),
(630, 650, 12, NULL),
(631, 651, 10, NULL),
(632, 652, 7, NULL),
(633, 653, 10, NULL),
(634, 654, 6, NULL),
(635, 655, 6, NULL),
(636, 656, 8, NULL),
(637, 657, 10, NULL),
(638, 658, 11, NULL),
(639, 659, 10, NULL),
(640, 660, 7, NULL),
(641, 661, 10, NULL),
(642, 662, 8, NULL),
(643, 663, 6, NULL),
(644, 664, 9, NULL),
(645, 665, 11, NULL),
(646, 666, 12, NULL),
(647, 667, 6, NULL),
(648, 668, 8, NULL),
(649, 669, 7, NULL),
(650, 670, 11, NULL),
(651, 671, 7, NULL),
(652, 672, 11, NULL),
(653, 673, 8, NULL),
(654, 674, 10, NULL),
(655, 675, 8, NULL),
(656, 676, 11, NULL),
(657, 677, 12, NULL),
(658, 678, 7, NULL),
(659, 679, 8, NULL),
(660, 680, 8, NULL),
(661, 681, 7, NULL),
(662, 682, 12, NULL),
(663, 683, 9, NULL),
(664, 684, 12, NULL),
(665, 685, 12, NULL),
(666, 686, 9, NULL),
(667, 687, 7, NULL),
(668, 688, 9, NULL),
(669, 689, 8, NULL),
(670, 690, 11, NULL),
(671, 691, 11, NULL),
(672, 692, 12, NULL),
(673, 693, 7, NULL),
(674, 694, 11, NULL),
(675, 695, 8, NULL),
(676, 696, 6, NULL),
(677, 697, 10, NULL),
(678, 698, 9, NULL),
(679, 699, 9, NULL),
(680, 700, 12, NULL),
(681, 701, 7, NULL),
(682, 702, 10, NULL),
(683, 703, 10, NULL),
(684, 704, 10, NULL),
(685, 705, 7, NULL),
(686, 706, 6, NULL),
(687, 707, 9, NULL),
(688, 708, 7, NULL),
(689, 709, 7, NULL),
(690, 710, 11, NULL),
(691, 711, 9, NULL),
(692, 712, 9, NULL),
(693, 713, 10, NULL),
(694, 714, 6, NULL),
(695, 715, 8, NULL),
(696, 716, 10, NULL),
(697, 717, 9, NULL),
(698, 718, 9, NULL),
(699, 719, 6, NULL),
(700, 720, 12, NULL),
(701, 721, 8, NULL),
(702, 722, 12, NULL),
(703, 723, 11, NULL),
(704, 724, 10, NULL),
(705, 725, 11, NULL),
(706, 726, 7, NULL),
(707, 727, 11, NULL),
(708, 728, 9, NULL),
(709, 729, 10, NULL),
(710, 730, 8, NULL),
(711, 731, 8, NULL),
(712, 732, 12, NULL),
(713, 733, 12, NULL),
(714, 734, 12, NULL),
(715, 735, 10, NULL),
(716, 736, 7, NULL),
(717, 737, 12, NULL),
(718, 738, 6, NULL),
(719, 739, 9, NULL),
(720, 740, 7, NULL),
(721, 741, 11, NULL),
(722, 742, 12, NULL),
(723, 743, 11, NULL),
(724, 744, 9, NULL),
(725, 745, 6, NULL),
(726, 746, 6, NULL),
(727, 747, 7, NULL),
(728, 748, 9, NULL),
(729, 749, 10, NULL),
(730, 750, 8, NULL),
(731, 751, 8, NULL),
(732, 752, 12, NULL),
(733, 753, 7, NULL),
(734, 754, 7, NULL),
(735, 755, 10, NULL),
(736, 756, 12, NULL),
(737, 757, 8, NULL),
(738, 758, 8, NULL),
(739, 759, 8, NULL),
(740, 760, 6, NULL),
(741, 761, 10, NULL),
(742, 762, 11, NULL),
(743, 763, 6, NULL),
(744, 764, 10, NULL),
(745, 765, 10, NULL),
(746, 766, 10, NULL),
(747, 767, 12, NULL),
(748, 768, 10, NULL),
(749, 769, 10, NULL),
(750, 770, 8, NULL),
(751, 771, 12, NULL),
(752, 772, 9, NULL),
(753, 773, 8, NULL),
(754, 774, 10, NULL),
(755, 775, 6, NULL),
(756, 776, 8, NULL),
(757, 777, 11, NULL),
(758, 778, 7, NULL),
(759, 779, 12, NULL),
(760, 780, 8, NULL),
(761, 781, 9, NULL),
(762, 782, 8, NULL),
(763, 783, 8, NULL),
(764, 784, 11, NULL),
(765, 785, 9, NULL),
(766, 786, 12, NULL),
(767, 787, 10, NULL),
(768, 788, 12, NULL),
(769, 789, 8, NULL),
(770, 790, 6, NULL),
(771, 791, 6, NULL),
(772, 792, 6, NULL),
(773, 793, 11, NULL),
(774, 794, 6, NULL),
(775, 795, 10, NULL),
(776, 796, 9, NULL),
(777, 797, 11, NULL),
(778, 798, 10, NULL),
(779, 799, 7, NULL),
(780, 800, 8, NULL),
(781, 801, 12, NULL),
(782, 802, 6, NULL),
(783, 803, 12, NULL),
(784, 804, 8, NULL),
(785, 805, 11, NULL),
(786, 806, 12, NULL),
(787, 807, 11, NULL),
(788, 808, 9, NULL),
(789, 809, 7, NULL),
(790, 810, 10, NULL),
(791, 811, 12, NULL),
(792, 812, 10, NULL),
(793, 813, 12, NULL),
(794, 814, 7, NULL),
(795, 815, 8, NULL),
(796, 816, 9, NULL),
(797, 817, 6, NULL),
(798, 818, 6, NULL),
(799, 819, 9, NULL),
(800, 820, 8, NULL),
(801, 821, 7, NULL),
(802, 822, 9, NULL),
(803, 823, 8, NULL),
(804, 824, 6, NULL),
(805, 825, 10, NULL),
(806, 826, 6, NULL),
(807, 827, 9, NULL),
(808, 828, 8, NULL),
(809, 829, 10, NULL),
(810, 830, 10, NULL),
(811, 831, 11, NULL),
(812, 832, 10, NULL),
(813, 833, 11, NULL),
(814, 834, 11, NULL),
(815, 835, 6, NULL),
(816, 836, 10, NULL),
(817, 837, 11, NULL),
(818, 838, 11, NULL),
(819, 839, 7, NULL),
(820, 840, 12, NULL),
(821, 841, 8, NULL),
(822, 842, 6, NULL),
(823, 843, 10, NULL),
(824, 844, 8, NULL),
(825, 845, 7, NULL),
(826, 846, 6, NULL),
(827, 847, 12, NULL),
(828, 848, 8, NULL),
(829, 849, 6, NULL),
(830, 850, 8, NULL),
(831, 851, 11, NULL),
(832, 852, 8, NULL),
(833, 853, 12, NULL),
(834, 854, 6, NULL),
(835, 855, 8, NULL),
(836, 856, 10, NULL),
(837, 857, 7, NULL),
(838, 858, 11, NULL),
(839, 859, 12, NULL),
(840, 860, 12, NULL),
(841, 861, 9, NULL),
(842, 862, 11, NULL),
(843, 863, 9, NULL),
(844, 864, 8, NULL),
(845, 865, 9, NULL),
(846, 866, 10, NULL),
(847, 867, 6, NULL),
(848, 868, 7, NULL),
(849, 869, 8, NULL),
(850, 870, 7, NULL),
(851, 871, 6, NULL),
(852, 872, 11, NULL),
(853, 873, 8, NULL),
(854, 874, 11, NULL),
(855, 875, 7, NULL),
(856, 876, 9, NULL),
(857, 877, 11, NULL),
(858, 878, 6, NULL),
(859, 879, 12, NULL),
(860, 880, 12, NULL),
(861, 881, 9, NULL),
(862, 882, 10, NULL),
(863, 883, 7, NULL),
(864, 884, 9, NULL),
(865, 885, 11, NULL),
(866, 886, 9, NULL),
(867, 887, 6, NULL),
(868, 888, 12, NULL),
(869, 889, 8, NULL),
(870, 890, 6, NULL),
(871, 891, 11, NULL),
(872, 892, 12, NULL),
(873, 893, 12, NULL),
(874, 894, 8, NULL),
(875, 895, 8, NULL),
(876, 896, 8, NULL),
(877, 897, 12, NULL),
(878, 898, 8, NULL),
(879, 899, 9, NULL),
(880, 900, 8, NULL),
(881, 901, 10, NULL),
(882, 902, 10, NULL),
(883, 903, 6, NULL),
(884, 904, 12, NULL),
(885, 905, 8, NULL),
(886, 906, 8, NULL),
(887, 907, 8, NULL),
(888, 908, 7, NULL),
(889, 909, 8, NULL),
(890, 910, 8, NULL),
(891, 911, 6, NULL),
(892, 912, 12, NULL),
(893, 913, 12, NULL),
(894, 914, 7, NULL),
(895, 915, 9, NULL),
(896, 916, 10, NULL),
(897, 917, 10, NULL),
(898, 918, 10, NULL),
(899, 919, 10, NULL),
(900, 920, 6, NULL),
(901, 921, 11, NULL),
(902, 922, 9, NULL),
(903, 923, 6, NULL),
(904, 924, 10, NULL),
(905, 925, 11, NULL),
(906, 926, 8, NULL),
(907, 927, 12, NULL),
(908, 928, 11, NULL),
(909, 929, 10, NULL),
(910, 930, 9, NULL),
(911, 931, 6, NULL),
(912, 932, 7, NULL),
(913, 933, 7, NULL),
(914, 934, 7, NULL),
(915, 935, 6, NULL),
(916, 936, 10, NULL),
(917, 937, 9, NULL),
(918, 938, 9, NULL),
(919, 939, 11, NULL),
(920, 940, 12, NULL),
(921, 941, 11, NULL),
(922, 942, 11, NULL),
(923, 943, 12, NULL),
(924, 944, 11, NULL),
(925, 945, 12, NULL),
(926, 946, 8, NULL),
(927, 947, 8, NULL),
(928, 948, 10, NULL),
(929, 949, 6, NULL),
(930, 950, 6, NULL),
(931, 951, 11, NULL),
(932, 952, 11, NULL),
(933, 953, 9, NULL),
(934, 954, 11, NULL),
(935, 955, 8, NULL),
(936, 956, 7, NULL),
(937, 957, 6, NULL),
(938, 958, 8, NULL),
(939, 959, 6, NULL),
(940, 960, 11, NULL),
(941, 961, 12, NULL),
(942, 962, 7, NULL),
(943, 963, 6, NULL),
(944, 964, 6, NULL),
(945, 965, 8, NULL),
(946, 966, 6, NULL),
(947, 967, 11, NULL),
(948, 968, 11, NULL),
(949, 969, 10, NULL),
(950, 970, 9, NULL),
(951, 971, 11, NULL),
(952, 972, 9, NULL),
(953, 973, 8, NULL),
(954, 974, 10, NULL),
(955, 975, 7, NULL),
(956, 976, 8, NULL),
(957, 977, 6, NULL),
(958, 978, 10, NULL),
(959, 979, 12, NULL),
(960, 980, 6, NULL),
(961, 981, 11, NULL),
(962, 982, 11, NULL),
(963, 983, 11, NULL),
(964, 984, 7, NULL),
(965, 985, 9, NULL),
(966, 986, 6, NULL),
(967, 987, 9, NULL),
(968, 988, 10, NULL),
(969, 989, 9, NULL),
(970, 990, 9, NULL),
(971, 991, 8, NULL),
(972, 992, 8, NULL),
(973, 993, 11, NULL),
(974, 994, 8, NULL),
(975, 995, 9, NULL),
(976, 996, 6, NULL),
(977, 997, 9, NULL),
(978, 998, 7, NULL),
(979, 999, 12, NULL),
(980, 1000, 7, NULL),
(981, 1001, 11, NULL),
(982, 1002, 10, NULL),
(983, 1003, 10, NULL),
(984, 1004, 6, NULL),
(985, 1005, 8, NULL),
(986, 1006, 12, NULL),
(987, 1007, 8, NULL),
(988, 1008, 8, NULL),
(989, 1009, 10, NULL),
(990, 1010, 8, NULL),
(991, 1011, 8, NULL),
(992, 1012, 8, NULL),
(993, 1013, 6, NULL),
(994, 1014, 6, NULL),
(995, 1015, 10, NULL),
(996, 1016, 10, NULL),
(997, 1017, 7, NULL),
(998, 1018, 6, NULL),
(999, 1019, 7, NULL),
(1000, 1020, 10, NULL),
(1001, 1021, 10, NULL),
(1002, 1022, 10, NULL),
(1003, 1023, 6, NULL),
(1004, 1024, 8, NULL),
(1005, 1025, 6, NULL),
(1006, 1026, 9, NULL),
(1007, 1027, 9, NULL),
(1008, 1028, 10, NULL),
(1009, 1029, 11, NULL),
(1010, 1030, 8, NULL),
(1011, 1031, 11, NULL),
(1012, 1032, 9, NULL),
(1013, 1033, 6, NULL),
(1014, 1034, 9, NULL),
(1015, 1035, 10, NULL),
(1016, 1036, 8, NULL),
(1017, 1037, 8, NULL),
(1018, 1038, 12, NULL),
(1019, 1039, 10, NULL),
(1020, 1040, 6, NULL),
(1021, 1041, 7, NULL),
(1022, 1042, 6, NULL),
(1023, 1043, 9, NULL),
(1024, 1044, 8, NULL),
(1025, 1045, 7, NULL),
(1026, 1046, 7, NULL),
(1027, 1047, 6, NULL),
(1028, 1048, 8, NULL),
(1029, 1049, 7, NULL),
(1030, 1050, 7, NULL),
(1031, 1051, 6, NULL),
(1032, 1052, 12, NULL),
(1033, 1053, 12, NULL),
(1034, 1054, 7, NULL),
(1035, 1055, 8, NULL),
(1036, 1056, 12, NULL),
(1037, 1057, 11, NULL),
(1038, 1058, 11, NULL),
(1039, 1059, 10, NULL),
(1040, 1060, 9, NULL),
(1041, 1061, 7, NULL),
(1042, 1062, 8, NULL),
(1043, 1063, 6, NULL),
(1044, 1064, 8, NULL),
(1045, 1065, 11, NULL),
(1046, 1066, 10, NULL),
(1047, 1067, 10, NULL),
(1048, 1068, 7, NULL),
(1049, 1069, 9, NULL),
(1050, 1070, 8, NULL),
(1051, 1071, 8, NULL),
(1052, 1072, 11, NULL),
(1053, 1073, 9, NULL),
(1054, 1074, 11, NULL),
(1055, 1075, 7, NULL),
(1056, 1076, 10, NULL),
(1057, 1077, 12, NULL),
(1058, 1078, 7, NULL),
(1059, 1079, 12, NULL),
(1060, 1080, 7, NULL),
(1061, 1081, 9, NULL),
(1062, 1082, 6, NULL),
(1063, 1083, 7, NULL),
(1064, 1084, 9, NULL),
(1065, 1085, 8, NULL),
(1066, 1086, 10, NULL),
(1067, 1087, 9, NULL),
(1068, 1088, 6, NULL),
(1069, 1089, 9, NULL),
(1070, 1090, 6, NULL),
(1071, 1091, 9, NULL),
(1072, 1092, 10, NULL),
(1073, 1093, 8, NULL),
(1074, 1094, 9, NULL),
(1075, 1095, 12, NULL),
(1076, 1096, 6, NULL),
(1077, 1097, 7, NULL),
(1078, 1098, 10, NULL),
(1079, 1099, 8, NULL),
(1080, 1100, 11, NULL),
(1081, 1101, 6, NULL),
(1082, 1102, 10, NULL),
(1083, 1103, 9, NULL),
(1084, 1104, 9, NULL),
(1085, 1105, 8, NULL),
(1086, 1106, 11, NULL),
(1087, 1107, 6, NULL),
(1088, 1108, 8, NULL),
(1089, 1109, 12, NULL),
(1090, 1110, 6, NULL),
(1091, 1111, 10, NULL),
(1092, 1112, 9, NULL),
(1093, 1113, 7, NULL),
(1094, 1114, 12, NULL),
(1095, 1115, 12, NULL),
(1096, 1116, 9, NULL),
(1097, 1117, 9, NULL),
(1098, 1118, 8, NULL),
(1099, 1119, 9, NULL),
(1100, 1120, 12, NULL),
(1101, 1121, 8, NULL),
(1102, 1122, 6, NULL),
(1103, 1123, 9, NULL),
(1104, 1124, 11, NULL),
(1105, 1125, 10, NULL),
(1106, 1126, 9, NULL),
(1107, 1127, 11, NULL),
(1108, 1128, 11, NULL),
(1109, 1129, 7, NULL),
(1110, 1130, 6, NULL),
(1111, 1131, 9, NULL),
(1112, 1132, 7, NULL),
(1113, 1133, 11, NULL),
(1114, 1134, 6, NULL),
(1115, 1135, 10, NULL),
(1116, 1136, 7, NULL),
(1117, 1137, 11, NULL),
(1118, 1138, 11, NULL),
(1119, 1139, 9, NULL),
(1120, 1140, 11, NULL),
(1121, 1141, 11, NULL),
(1122, 1142, 7, NULL),
(1123, 1143, 8, NULL),
(1124, 1144, 6, NULL),
(1125, 1145, 6, NULL),
(1126, 1146, 7, NULL),
(1127, 1147, 9, NULL),
(1128, 1148, 9, NULL),
(1129, 1149, 10, NULL),
(1130, 1150, 12, NULL),
(1131, 1151, 8, NULL),
(1132, 1152, 12, NULL),
(1133, 1153, 6, NULL),
(1134, 1154, 12, NULL),
(1135, 1155, 10, NULL),
(1136, 1156, 10, NULL),
(1137, 1157, 9, NULL),
(1138, 1158, 9, NULL),
(1139, 1159, 8, NULL),
(1140, 1160, 10, NULL),
(1141, 1161, 10, NULL),
(1142, 1162, 12, NULL),
(1143, 1163, 11, NULL),
(1144, 1164, 9, NULL),
(1145, 1165, 12, NULL),
(1146, 1166, 9, NULL),
(1147, 1167, 10, NULL),
(1148, 1168, 11, NULL),
(1149, 1169, 8, NULL),
(1150, 1170, 7, NULL),
(1151, 1171, 9, NULL),
(1152, 1172, 7, NULL),
(1153, 1173, 8, NULL),
(1154, 1174, 11, NULL),
(1155, 1175, 7, NULL),
(1156, 1176, 9, NULL),
(1157, 1177, 6, NULL),
(1158, 1178, 10, NULL),
(1159, 1179, 12, NULL),
(1160, 1180, 10, NULL),
(1161, 1181, 10, NULL),
(1162, 1182, 8, NULL),
(1163, 1183, 10, NULL),
(1164, 1184, 10, NULL),
(1165, 1185, 8, NULL),
(1166, 1186, 8, NULL),
(1167, 1187, 7, NULL),
(1168, 1188, 11, NULL),
(1169, 1189, 12, NULL),
(1170, 1190, 10, NULL),
(1171, 1191, 8, NULL),
(1172, 1192, 10, NULL),
(1173, 1193, 9, NULL),
(1174, 1194, 7, NULL),
(1175, 1195, 6, NULL),
(1176, 1196, 9, NULL),
(1177, 1197, 11, NULL),
(1178, 1198, 10, NULL),
(1179, 1199, 7, NULL),
(1180, 1200, 6, NULL),
(1181, 1201, 11, NULL),
(1182, 1202, 11, NULL),
(1183, 1203, 7, NULL),
(1184, 1204, 7, NULL),
(1185, 1205, 10, NULL),
(1186, 1206, 8, NULL),
(1187, 1207, 10, NULL),
(1188, 1208, 10, NULL),
(1189, 1209, 6, NULL),
(1190, 1210, 10, NULL),
(1191, 1211, 8, NULL),
(1192, 1212, 10, NULL),
(1193, 1213, 12, NULL),
(1194, 1214, 6, NULL),
(1195, 1215, 8, NULL),
(1196, 1216, 7, NULL),
(1197, 1217, 9, NULL),
(1198, 1218, 9, NULL),
(1199, 1219, 12, NULL),
(1200, 1220, 9, NULL),
(1201, 1221, 7, NULL),
(1202, 1222, 8, NULL),
(1203, 1223, 6, NULL),
(1204, 1224, 11, NULL),
(1205, 1225, 9, NULL),
(1206, 1226, 7, NULL),
(1207, 1227, 7, NULL),
(1208, 1228, 7, NULL),
(1209, 1229, 11, NULL),
(1210, 1230, 8, NULL),
(1211, 1231, 8, NULL),
(1212, 1232, 10, NULL),
(1213, 1233, 7, NULL),
(1214, 1234, 9, NULL),
(1215, 1235, 11, NULL),
(1216, 1236, 11, NULL),
(1217, 1237, 12, NULL),
(1218, 1238, 9, NULL),
(1219, 1239, 9, NULL),
(1220, 1240, 12, NULL),
(1221, 1241, 6, NULL),
(1222, 1242, 12, NULL),
(1223, 1243, 9, NULL),
(1224, 1244, 12, NULL),
(1225, 1245, 12, NULL),
(1226, 1246, 11, NULL),
(1227, 1247, 7, NULL),
(1228, 1248, 9, NULL),
(1229, 1249, 8, NULL),
(1230, 1250, 7, NULL),
(1231, 1251, 12, NULL),
(1232, 1252, 10, NULL),
(1233, 1253, 9, NULL),
(1234, 1254, 12, NULL),
(1235, 1255, 8, NULL),
(1236, 1256, 6, NULL),
(1237, 1257, 7, NULL),
(1238, 1258, 9, NULL),
(1239, 1259, 7, NULL),
(1240, 1260, 12, NULL),
(1241, 1261, 12, NULL),
(1242, 1262, 10, NULL),
(1243, 1263, 10, NULL),
(1244, 1264, 7, NULL),
(1245, 1265, 7, NULL),
(1246, 1266, 9, NULL),
(1247, 1267, 12, NULL),
(1248, 1268, 6, NULL),
(1249, 1269, 12, NULL),
(1250, 1270, 8, NULL),
(1251, 1271, 12, NULL),
(1252, 1272, 12, NULL),
(1253, 1273, 7, NULL),
(1254, 1274, 9, NULL),
(1255, 1275, 12, NULL),
(1256, 1276, 7, NULL),
(1257, 1277, 8, NULL),
(1258, 1278, 7, NULL),
(1259, 1279, 10, NULL),
(1260, 1280, 11, NULL),
(1261, 1281, 8, NULL),
(1262, 1282, 10, NULL),
(1263, 1283, 8, NULL),
(1264, 1284, 11, NULL),
(1265, 1285, 9, NULL),
(1266, 1286, 10, NULL),
(1267, 1287, 11, NULL),
(1268, 1288, 11, NULL),
(1269, 1289, 7, NULL),
(1270, 1290, 6, NULL),
(1271, 1291, 10, NULL),
(1272, 1292, 7, NULL),
(1273, 1293, 10, NULL),
(1274, 1294, 8, NULL),
(1275, 1295, 9, NULL),
(1276, 1296, 11, NULL),
(1277, 1297, 11, NULL),
(1278, 1298, 8, NULL),
(1279, 1299, 12, NULL),
(1280, 1300, 11, NULL),
(1281, 1301, 11, NULL),
(1282, 1302, 11, NULL),
(1283, 1303, 11, NULL),
(1284, 1304, 6, NULL),
(1285, 1305, 8, NULL),
(1286, 1306, 10, NULL),
(1287, 1307, 8, NULL),
(1288, 1308, 10, NULL),
(1289, 1309, 11, NULL),
(1290, 1310, 12, NULL),
(1291, 1311, 8, NULL),
(1292, 1312, 7, NULL),
(1293, 1313, 9, NULL),
(1294, 1314, 11, NULL),
(1295, 1315, 12, NULL),
(1296, 1316, 6, NULL),
(1297, 1317, 9, NULL),
(1298, 1318, 10, NULL),
(1299, 1319, 11, NULL),
(1300, 1320, 11, NULL),
(1301, 1321, 11, NULL),
(1302, 1322, 9, NULL),
(1303, 1323, 6, NULL),
(1304, 1324, 8, NULL),
(1305, 1325, 11, NULL),
(1306, 1326, 9, NULL),
(1307, 1327, 7, NULL),
(1308, 1328, 10, NULL),
(1309, 1329, 11, NULL),
(1310, 1330, 6, NULL),
(1311, 1331, 8, NULL),
(1312, 1332, 10, NULL),
(1313, 1333, 12, NULL),
(1314, 1334, 6, NULL),
(1315, 1335, 10, NULL),
(1316, 1336, 8, NULL),
(1317, 1337, 11, NULL),
(1318, 1338, 12, NULL),
(1319, 1339, 12, NULL),
(1320, 1340, 10, NULL),
(1321, 1341, 12, NULL),
(1322, 1342, 8, NULL),
(1323, 1343, 11, NULL),
(1324, 1344, 9, NULL),
(1325, 1345, 7, NULL),
(1326, 1346, 10, NULL),
(1327, 1347, 10, NULL),
(1328, 1348, 10, NULL),
(1329, 1349, 8, NULL),
(1330, 1350, 9, NULL),
(1331, 1351, 9, NULL),
(1332, 1352, 6, NULL),
(1333, 1353, 6, NULL),
(1334, 1354, 9, NULL),
(1335, 1355, 9, NULL),
(1336, 1356, 12, NULL),
(1337, 1357, 12, NULL),
(1338, 1358, 11, NULL),
(1339, 1359, 9, NULL),
(1340, 1360, 11, NULL),
(1341, 1361, 12, NULL),
(1342, 1362, 11, NULL),
(1343, 1363, 8, NULL),
(1344, 1364, 12, NULL),
(1345, 1365, 12, NULL),
(1346, 1366, 6, NULL),
(1347, 1367, 7, NULL),
(1348, 1368, 10, NULL),
(1349, 1369, 6, NULL),
(1350, 1370, 7, NULL),
(1351, 1371, 7, NULL),
(1352, 1372, 12, NULL),
(1353, 1373, 10, NULL),
(1354, 1374, 12, NULL),
(1355, 1375, 9, NULL),
(1356, 1376, 11, NULL),
(1357, 1377, 9, NULL),
(1358, 1378, 6, NULL),
(1359, 1379, 9, NULL),
(1360, 1380, 12, NULL),
(1361, 1381, 10, NULL),
(1362, 1382, 12, NULL),
(1363, 1383, 6, NULL),
(1364, 1384, 10, NULL),
(1365, 1385, 8, NULL),
(1366, 1386, 9, NULL),
(1367, 1387, 9, NULL),
(1368, 1388, 8, NULL),
(1369, 1389, 8, NULL),
(1370, 1390, 12, NULL),
(1371, 1391, 6, NULL),
(1372, 1392, 7, NULL),
(1373, 1393, 11, NULL),
(1374, 1394, 9, NULL),
(1375, 1395, 6, NULL),
(1376, 1396, 10, NULL),
(1377, 1397, 9, NULL),
(1378, 1398, 8, NULL),
(1379, 1399, 7, NULL),
(1380, 1400, 9, NULL),
(1381, 1401, 9, NULL),
(1382, 1402, 9, NULL),
(1383, 1403, 9, NULL),
(1384, 1404, 6, NULL),
(1385, 1405, 8, NULL),
(1386, 1406, 12, NULL),
(1387, 1407, 12, NULL),
(1388, 1408, 12, NULL),
(1389, 1409, 6, NULL),
(1390, 1410, 8, NULL),
(1391, 1411, 12, NULL),
(1392, 1412, 10, NULL),
(1393, 1413, 8, NULL),
(1394, 1414, 12, NULL),
(1395, 1415, 8, NULL),
(1396, 1416, 11, NULL),
(1397, 1417, 8, NULL),
(1398, 1418, 11, NULL),
(1399, 1419, 6, NULL),
(1400, 1420, 11, NULL),
(1401, 1421, 11, NULL),
(1402, 1422, 6, NULL),
(1403, 1423, 12, NULL),
(1404, 1424, 10, NULL),
(1405, 1425, 9, NULL),
(1406, 1426, 6, NULL),
(1407, 1427, 8, NULL),
(1408, 1428, 6, NULL),
(1409, 1429, 8, NULL),
(1410, 1430, 9, NULL),
(1411, 1431, 10, NULL),
(1412, 1432, 11, NULL),
(1413, 1433, 6, NULL),
(1414, 1434, 6, NULL),
(1415, 1435, 12, NULL),
(1416, 1436, 8, NULL),
(1417, 1437, 6, NULL),
(1418, 1438, 12, NULL),
(1419, 1439, 8, NULL),
(1420, 1440, 6, NULL),
(1421, 1441, 7, NULL),
(1422, 1442, 7, NULL),
(1423, 1443, 11, NULL),
(1424, 1444, 10, NULL),
(1425, 1445, 6, NULL),
(1426, 1446, 7, NULL),
(1427, 1447, 8, NULL),
(1428, 1448, 9, NULL),
(1429, 1449, 6, NULL),
(1430, 1450, 8, NULL),
(1431, 1451, 7, NULL),
(1432, 1452, 12, NULL),
(1433, 1453, 9, NULL),
(1434, 1454, 7, NULL),
(1435, 1455, 9, NULL),
(1436, 1456, 6, NULL),
(1437, 1457, 7, NULL),
(1438, 1458, 11, NULL),
(1439, 1459, 7, NULL),
(1440, 1460, 9, NULL),
(1446, 1468, 3, NULL),
(1447, 1469, 13, ''),
(1449, 1471, 6, ''),
(1450, 1472, 6, ''),
(1451, 1473, 1, '');
